"ALHAMBRA-1105*","TIER 3, TIER 2,PARTIALLYOUTSIDE HFTD",10/26/2019 20:19,"MARTINEZ,RODEO",10/28/2019 20:44
"ALLEGHANY-1101","TIER 3, TIER 2,PARTIALLYOUTSIDE HFTD",10/26/2019 18:24,"ALLEGHANY,DOWNIEVILLE,GOODYEARSBAR, SIERRACITY",10/31/2019 16:05
"ALLEGHANY-1102",TIER 3,10/26/2019 18:24,"ALLEGHANY,WASHINGTON",11/01/2019 16:21
ALPINE-1101,NON-HFTD,10/26/2019 17:41,BEAR VALLEY,10/30/2019 15:40
ALPINE-1102,NON-HFTD,10/26/2019 17:41,BEAR VALLEY,10/30/2019 15:40
ALTO-1120,"TIER 2,PARTIALLYOUTSIDE HFTD",10/26/2019 18:29,MILL VALLEY,10/29/2019 19:10
ALTO-1121,NON-HFTD,10/26/2019 18:29,"BELVEDERE,MILL VALLEY,TIBURON",10/30/2019 07:23
ALTO-1122,"TIER 3, TIER 2,PARTIALLYOUTSIDE HFTD",10/26/2019 18:04,"CORTE MADERA,LARKSPUR,MILL VALLEY",10/29/2019 13:44
ALTO-1123,"TIER 2,PARTIALLYOUTSIDE HFTD",10/26/2019 18:29,"BELVEDERE,MILL VALLEY,TIBURON",10/29/2019 20:26
ALTO-1124,"TIER 3,PARTIALLYOUTSIDE HFTD",10/26/2019 18:01,MILL VALLEY,10/29/2019 22:00
ALTO-1125,"TIER 3, TIER 2,PARTIALLYOUTSIDE HFTD",10/26/2019 17:57,"MILL VALLEY,MUIR BEACH",10/31/2019 13:12
ANDERSON-1101,"TIER 2,PARTIALLYOUTSIDE HFTD",10/26/2019 17:01,"ANDERSON,COTTONWOOD",10/29/2019 18:17
ANDERSON-1102,NON-HFTD,10/26/2019 17:03,ANDERSON,10/28/2019 11:52
ANDERSON-1103,"TIER 2,PARTIALLYOUTSIDE HFTD",10/26/2019 17:00,"ANDERSON,REDDING",10/30/2019 09:28
ANITA-1106*,"TIER 2,PARTIALLYOUTSIDE HFTD",10/26/2019 17:13,CHICO,10/27/2019 17:46
ANNAPOLIS-1101,TIER 2,10/26/2019 19:51,"ANNAPOLIS,STEWARTSPOINT",10/30/2019 10:49
ANTLER-1101,"TIER 3, TIER 2,PARTIALLYOUTSIDE HFTD",10/26/2019 18:38,LAKEHEAD,10/30/2019 18:42
APPLE HILL-1103,"TIER 3, TIER 2,PARTIALLYOUTSIDE HFTD",10/26/2019 18:45,"CAMINO,PLACERVILLE",10/30/2019 16:49
APPLE HILL-1104,"TIER 3, TIER 2,PARTIALLYOUTSIDE HFTD",10/26/2019 20:05,"CAMINO,PLACERVILLE,POLLOCK PINES",10/31/2019 09:17
"APPLE HILL-2102","TIER 3, TIER 2,PARTIALLYOUTSIDE HFTD",10/26/2019 20:05,"CAMINO, FAIRPLAY, GRIZZLYFLATS, MOUNTAUKUM,PLACERVILLE,POLLOCK PINES,SOMERSET",10/31/2019 15:31
ARBUCKLE-1103,NON-HFTD,10/27/2019 01:14,ARBUCKLE,10/27/2019 15:13
ARBUCKLE-1104*,"TIER 2,PARTIALLYOUTSIDE HFTD",10/26/2019 17:54,ARBUCKLE,10/29/2019 11:08
ARCATA-1105,NON-HFTD,10/26/2019 22:26,"ARCATA,MCKINLEYVILLE",10/28/2019 16:24
ARCATA-1106,NON-HFTD,10/26/2019 22:18,ARCATA,10/28/2019 14:40
ARCATA-1121,"TIER 2,PARTIALLYOUTSIDE HFTD",10/26/2019 22:26,ARCATA,10/28/2019 14:45
ARCATA-1122,"TIER 2,PARTIALLYOUTSIDE HFTD",10/26/2019 22:26,"ARCATA,BAYSIDE,EUREKA,KNEELAND",10/28/2019 13:55
ARCATA-1123,NON-HFTD,10/26/2019 22:26,ARCATA,10/28/2019 14:05
"ARLINGTON-0401*","TIER 2,PARTIALLYOUTSIDE HFTD",10/26/2019 20:16,BERKELEY,10/28/2019 16:39
AUBERRY-1101,"TIER 3, TIER 2,PARTIALLYOUTSIDE HFTD",10/27/2019 14:33,"AUBERRY,CLOVIS,PRATHER,SANGER,SHAVER LAKE,TOLLHOUSE",10/29/2019 14:08
AUBERRY-1102*,TIER 2,10/27/2019 13:33,AUBERRY,10/28/2019 18:59
AUBURN-1101,"TIER 2,PARTIALLYOUTSIDE HFTD",10/26/2019 19:57,AUBURN,10/30/2019 10:36
AUBURN-1102,"TIER 2,PARTIALLYOUTSIDE HFTD",10/26/2019 19:57,AUBURN,10/30/2019 10:38
BANCROFT-0402,"TIER 2,PARTIALLYOUTSIDE HFTD",10/27/2019 11:11,BROADMOOR,10/27/2019 16:03
BANGOR-1101,"TIER 3, TIER 2,PARTIALLYOUTSIDE HFTD",10/26/2019 18:30,"BANGOR,BROWNSVALLEY,BROWNSVILLE,DOBBINS, LOMARICA,MARYSVILLE,OREGONHOUSE,OROVILLE,RACKERBY",10/30/2019 16:05
BASALT-1106*,"TIER 2,PARTIALLYOUTSIDE HFTD",10/26/2019 17:03,NAPA,10/28/2019 17:15
"BAY MEADOWS-1104",NON-HFTD,10/27/2019 01:24,SAN MATEO,10/28/2019 18:34
"BAY MEADOWS-2102*","TIER 2,PARTIALLYOUTSIDE HFTD",10/26/2019 20:43,"HILLSBOROUGH, SAN MATEO",10/28/2019 15:02
"BEAR VALLEY-2101","TIER 2,PARTIALLYOUTSIDE HFTD",10/27/2019 14:02,"CATHEYSVALLEY,HORNITOS,MARIPOSA",10/29/2019 13:41
"BEAR VALLEY-2105*","TIER 3, TIER 2",10/27/2019 00:40,"COULTERVILLE,GREELEY HILL",10/29/2019 14:08
BELL-1107*,"TIER 2,PARTIALLYOUTSIDE HFTD",10/26/2019 17:11,AUBURN,10/30/2019 11:47
BELL-1108*,"TIER 2,PARTIALLYOUTSIDE HFTD",10/26/2019 17:23,AUBURN,10/30/2019 12:42
BELL-1109*,"TIER 2,PARTIALLYOUTSIDE HFTD",10/26/2019 17:14,AUBURN,10/30/2019 11:10
BELL-1110*,"TIER 2,PARTIALLYOUTSIDE HFTD",10/26/2019 18:01,AUBURN,10/28/2019 12:14
BELLEVUE-1102*,"TIER 2,PARTIALLYOUTSIDE HFTD",10/26/2019 17:05,"COTATI, SANTAROSA",10/29/2019 16:54
BELLEVUE-2103*,"TIER 3, TIER 2,PARTIALLYOUTSIDE HFTD",10/26/2019 17:09,SANTA ROSA,10/28/2019 19:48
BELMONT-1103*,"TIER 2,PARTIALLYOUTSIDE HFTD",10/26/2019 20:42,"BELMONT, SANCARLOS",10/28/2019 15:12
BELMONT-1110*,"TIER 2,PARTIALLYOUTSIDE HFTD",10/26/2019 22:08,BELMONT,10/28/2019 08:39
"BEN LOMOND-0401",TIER 3,10/26/2019 20:37,BEN LOMOND,10/29/2019 12:45
"BEN LOMOND-1101",TIER 3,10/26/2019 20:37,"BEN LOMOND,BOULDER",10/29/2019 11:28
"BERESFORD-0403*","TIER 2,PARTIALLYOUTSIDE HFTD",10/26/2019 20:15,"HILLSBOROUGH, SAN MATEO",10/28/2019 14:00
"BERKELEY F-0402*","TIER 2,PARTIALLYOUTSIDE HFTD",10/26/2019 21:58,BERKELEY,10/28/2019 16:25
"BERKELEY F-0403",NON-HFTD,10/26/2019 22:21,BERKELEY,10/28/2019 16:45
"BERKELEY F-1103*","TIER 3,PARTIALLYOUTSIDE HFTD",10/26/2019 21:35,"BERKELEY,OAKLAND",10/28/2019 11:25
"BERKELEY F-1105*","TIER 2,PARTIALLYOUTSIDE HFTD",10/26/2019 21:43,BERKELEY,10/28/2019 16:45
BIG BASIN-1101,TIER 3,10/26/2019 21:16,"BOULDERCREEK, SANTACRUZ",10/30/2019 21:51
BIG BASIN-1102,"TIER 3, TIER 2",10/26/2019 21:16,"BOULDERCREEK, LOSGATOS",10/30/2019 12:30
BIG BEND-1101,"TIER 3, TIER 2",10/26/2019 17:00,OROVILLE,10/30/2019 17:56
BIG BEND-1102,"TIER 3,PARTIALLYOUTSIDE HFTD",10/26/2019 17:00,"BERRY CREEK,BRUSH CREEK",10/30/2019 15:32
"BIG LAGOON-1101",NON-HFTD,10/26/2019 22:20,TRINIDAD,10/28/2019 15:22
BIG RIVER-1101,"TIER 2,PARTIALLYOUTSIDE HFTD",10/26/2019 17:44,"CASPAR, FORTBRAGG, LITTLERIVER,MENDOCINO",10/30/2019 18:01
"BIG TREES-0402*","TIER 3, TIER 2,PARTIALLYOUTSIDE HFTD",10/26/2019 20:39,"FELTON, SANTACRUZ",10/28/2019 18:14
BLUE LAKE-1101,NON-HFTD,10/26/2019 22:24,"BLUE LAKE,KORBEL",10/28/2019 13:49
BLUE LAKE-1102,NON-HFTD,10/26/2019 22:24,"ARCATA, BLUELAKE,FIELDBROOK,MCKINLEYVILLE",10/28/2019 13:51
BOLINAS-1101,"TIER 3, TIER 2,PARTIALLYOUTSIDE HFTD",10/26/2019 20:33,"BOLINAS,FAIRFAX,STINSON BEACH",10/29/2019 18:08
"BONNIE NOOK-1101",TIER 3,10/26/2019 19:01,"ALTA, COLFAX,DUTCH FLAT,GOLD RUN",10/31/2019 11:11
"BONNIE NOOK-1102",TIER 3,10/26/2019 19:01,"ALTA, BAXTER",10/30/2019 17:27
BOSTON-0401*,"TIER 2,PARTIALLYOUTSIDE HFTD",10/26/2019 23:16,OAKLAND,10/29/2019 11:12
"BRENTWOOD-2105*","TIER 2,PARTIALLYOUTSIDE HFTD",10/26/2019 20:11,"BRENTWOOD,BYRON",10/29/2019 16:22
"BRIDGEVILLE-1101","TIER 3, TIER 2,PARTIALLYOUTSIDE HFTD",10/26/2019 21:17,BRIDGEVILLE,10/28/2019 13:30
"BRIDGEVILLE-1102","TIER 3, TIER 2,PARTIALLYOUTSIDE HFTD",10/26/2019 21:22,"BLOCKSBURG,BRIDGEVILLE,CARLOTTA",10/29/2019 06:41
"BROWNSVALLEY-1101","TIER 2,PARTIALLYOUTSIDE HFTD",10/26/2019 19:02,"BROWNSVALLEY,MARYSVILLE",10/30/2019 12:59
"BRUNSWICK-1102","TIER 3, TIER 2,PARTIALLYOUTSIDE HFTD",10/26/2019 19:43,"GRASS VALLEY,NEVADA CITY",10/30/2019 17:06
"BRUNSWICK-1103","TIER 3, TIER 2,PARTIALLYOUTSIDE HFTD",10/26/2019 19:43,NEVADA CITY,10/30/2019 14:07
"BRUNSWICK-1104","TIER 3, TIER 2,PARTIALLYOUTSIDE HFTD",10/26/2019 19:43,"GRASS VALLEY,NEVADA CITY",10/30/2019 16:29
"BRUNSWICK-1105","TIER 3, TIER 2,PARTIALLYOUTSIDE HFTD",10/26/2019 19:43,"GRASS VALLEY,NEVADA CITY",10/31/2019 13:50
"BRUNSWICK-1106","TIER 3, TIER 2,PARTIALLYOUTSIDE HFTD",10/26/2019 19:47,GRASS VALLEY,10/30/2019 17:28
"BRUNSWICK-1107","TIER 3, TIER 2,PARTIALLYOUTSIDE HFTD",10/26/2019 19:47,GRASS VALLEY,10/30/2019 14:24
"BRUNSWICK-1110","TIER 2,PARTIALLYOUTSIDE HFTD",10/26/2019 19:47,"GRASS VALLEY,NEVADA CITY",10/30/2019 16:52
BRYANT-0401,NON-HFTD,10/26/2019 22:02,ORINDA,10/29/2019 10:14
BRYANT-0402,"TIER 3, TIER 2,PARTIALLYOUTSIDE HFTD",10/26/2019 22:02,ORINDA,10/29/2019 10:29
"BUCKS CREEK-1101","TIER 3, TIER 2,PARTIALLYOUTSIDE HFTD",10/26/2019 17:04,STORRIE,10/31/2019 13:01
"BUCKS CREEK-1102","TIER 3, TIER 2",10/26/2019 17:06,"BELDEN,QUINCY,STORRIE",10/31/2019 10:20
"BUCKS CREEK-1103","TIER 3, TIER 2,PARTIALLYOUTSIDE HFTD",10/26/2019 17:03,QUINCY,10/30/2019 17:43
BURNS-2101,TIER 3,10/26/2019 20:34,SANTA CRUZ,10/29/2019 17:21
BUTTE-1105*,"TIER 3, TIER 2,PARTIALLYOUTSIDE HFTD",10/26/2019 17:10,CHICO,10/30/2019 13:17
"CAL WATER-1102*","TIER 2,PARTIALLYOUTSIDE HFTD",10/29/2019 21:02,BAKERSFIELD,10/31/2019 09:41
"CALAVERASCEMENT-1101","TIER 3, TIER 2,PARTIALLYOUTSIDE HFTD",10/27/2019 00:15,"ANGELS CAMP,MOKELUMNEHILL,MOUNTAINRANCH, RAILROAD FLAT, SANANDREAS,SHEEP RANCH",10/30/2019 14:28
CALISTOGA-1101,"TIER 3, TIER 2,PARTIALLYOUTSIDE HFTD",10/26/2019 17:55,CALISTOGA,11/01/2019 17:20
"CALISTOGA-11021","TIER 3, TIER 2,PARTIALLYOUTSIDE HFTD",10/26/2019 17:55,CALISTOGA,10/30/2019 22:00
CALPELLA-1101,"TIER 3, TIER 2,PARTIALLYOUTSIDE HFTD",10/26/2019 18:44,"REDWOODVALLEY, UKIAH,WILLITS",10/30/2019 15:53
CALPELLA-1102,"TIER 2,PARTIALLYOUTSIDE HFTD",10/26/2019 18:44,"CALPELLA,UKIAH",10/30/2019 14:55
"CAMP EVERS-2103*","TIER 3, TIER 2,PARTIALLYOUTSIDE HFTD",10/26/2019 20:42,"SANTA CRUZ,SCOTTS VALLEY",10/29/2019 12:02
"CAMP EVERS-2104*","TIER 3, TIER 2,PARTIALLYOUTSIDE HFTD",10/26/2019 20:15,"SANTA CRUZ,SCOTTS VALLEY",10/29/2019 10:19
"CAMP EVERS-2105*","TIER 3, TIER 2,PARTIALLYOUTSIDE HFTD",10/26/2019 20:37,"BEN LOMOND,FELTON, LOSGATOS, MOUNTHERMON,SCOTTS VALLEY",10/29/2019 13:47
"CAMP EVERS-2106*","TIER 3, TIER 2,PARTIALLYOUTSIDE HFTD",10/26/2019 20:39,"FELTON, LOSGATOS, MOUNTHERMON,REDWOODESTATES, SANTACRUZ, SCOTTSVALLEY,SOQUEL",10/29/2019 22:38
"CAMPHORA-0401",NON-HFTD,10/26/2019 22:20,SOLEDAD,10/28/2019 13:30
CAMPHORA-1101,"TIER 2,PARTIALLYOUTSIDE HFTD",10/26/2019 22:20,"GONZALES,SALINAS,SOLEDAD",10/28/2019 13:38
CARLOTTA-1121,"TIER 2,PARTIALLYOUTSIDE HFTD",10/26/2019 22:37,"CARLOTTA,FORTUNA,HYDESVILLE",10/28/2019 12:20
"CAROLANDS-0401",NON-HFTD,10/26/2019 23:22,"BURLINGAME,HILLSBOROUGH, SAN MATEO",10/28/2019 15:22
"CAROLANDS-0402",NON-HFTD,10/26/2019 21:02,HILLSBOROUGH,10/28/2019 18:19
"CAROLANDS-0403",NON-HFTD,10/26/2019 22:21,"BURLINGAME,HILLSBOROUGH",10/28/2019 15:04
"CAROLANDS-0404*","TIER 2,PARTIALLYOUTSIDE HFTD",10/26/2019 20:18,"HILLSBOROUGH, SAN MATEO",10/28/2019 14:34
"CARQUINEZ-1103",NON-HFTD,10/26/2019 20:25,VALLEJO,10/29/2019 15:47
"CARQUINEZ-1104",NON-HFTD,10/26/2019 20:25,VALLEJO,10/29/2019 13:09
"CARQUINEZ-1105",NON-HFTD,10/26/2019 20:25,VALLEJO,10/29/2019 13:09
CASSERLY-0401,NON-HFTD,10/26/2019 20:21,WATSONVILLE,10/26/2019 21:14
"CASTROVALLEY-1101*","TIER 2,PARTIALLYOUTSIDE HFTD",10/26/2019 20:10,HAYWARD,10/29/2019 11:09
"CASTROVALLEY-1104*","TIER 2,PARTIALLYOUTSIDE HFTD",10/26/2019 20:29,CASTRO VALLEY,10/28/2019 13:23
"CASTROVALLEY-1106*","TIER 3, TIER 2,PARTIALLYOUTSIDE HFTD",10/26/2019 21:01,CASTRO VALLEY,10/28/2019 11:35
"CASTROVALLEY-1108*","TIER 3, TIER 2,PARTIALLYOUTSIDE HFTD",10/26/2019 20:48,CASTRO VALLEY,10/28/2019 15:53
"CASTROVALLEY-1111*","TIER 3, TIER 2,PARTIALLYOUTSIDE HFTD",10/26/2019 20:44,HAYWARD,10/28/2019 12:36
"CAYETANO-2109*","TIER 3, TIER 2,PARTIALLYOUTSIDE HFTD",10/26/2019 21:09,LIVERMORE,10/28/2019 16:45
CAYETANO-2111*,"TIER 2,PARTIALLYOUTSIDE HFTD",10/26/2019 21:20,LIVERMORE,10/28/2019 09:48
"CEDAR CREEK-1101","TIER 3, TIER 2,PARTIALLYOUTSIDE HFTD",10/26/2019 18:22,"BELLA VISTA,BIG BEND,MONTGOMERYCREEK, OAKRUN, ROUNDMOUNTAIN",11/01/2019 13:16
"CHALLENGE-1101","TIER 3, TIER 2",10/26/2019 18:39,"CHALLENGE,CLIPPER MILLS,LA PORTE,STRAWBERRYVALLEY",10/30/2019 15:27
"CHALLENGE-1102","TIER 3, TIER 2,PARTIALLYOUTSIDE HFTD",10/26/2019 18:39,"BROWNSVILLE,CHALLENGE,DOBBINS,FORBESTOWN",10/30/2019 16:48
"CLARK ROAD-1101","TIER 2,PARTIALLYOUTSIDE HFTD",10/26/2019 17:52,OROVILLE,10/30/2019 10:17
"CLARK ROAD-1102","TIER 3, TIER 2,PARTIALLYOUTSIDE HFTD",10/26/2019 17:52,"OROVILLE,PARADISE",10/30/2019 16:24
"CLARKSVILLE-2103*","TIER 3, TIER 2,PARTIALLYOUTSIDE HFTD",10/26/2019 17:17,"EL DORADOHILLS, SHINGLESPRINGS",10/28/2019 16:14
"CLARKSVILLE-2104","TIER 3, TIER 2,PARTIALLYOUTSIDE HFTD",10/26/2019 17:06,"CAMERONPARK, ELDORADO HILLS,RESCUE",10/28/2019 17:21
"CLARKSVILLE-2105*","TIER 3, TIER 2,PARTIALLYOUTSIDE HFTD",10/26/2019 17:04,"CAMERONPARK, ELDORADO HILLS,SHINGLESPRINGS",10/28/2019 11:31
"CLARKSVILLE-2109*","TIER 3, TIER 2,PARTIALLYOUTSIDE HFTD",10/26/2019 17:00,"EL DORADOHILLS",10/28/2019 09:33
CLAY-1101,"TIER 2,PARTIALLYOUTSIDE HFTD",10/27/2019 00:05,IONE,10/29/2019 10:08
CLAY-1103*,"TIER 2,PARTIALLYOUTSIDE HFTD",10/27/2019 00:01,IONE,10/28/2019 19:05
CLAYTON-2212*,"TIER 3, TIER 2,PARTIALLYOUTSIDE HFTD",10/26/2019 20:45,"BRENTWOOD,CLAYTON,CONCORD",10/28/2019 18:37
CLAYTON-2213*,TIER 2,10/27/2019 00:45,CLAYTON,10/29/2019 08:50
CLAYTON-2215*,"TIER 3, TIER 2,PARTIALLYOUTSIDE HFTD",10/26/2019 20:49,"ALAMO,WALNUT CREEK",10/28/2019 18:04
"CLEAR LAKE-1101","TIER 3, TIER 2,PARTIALLYOUTSIDE HFTD",10/26/2019 17:44,"FINLEY,KELSEYVILLE,LAKEPORT",10/30/2019 19:01
"CLEAR LAKE-1102","TIER 2,PARTIALLYOUTSIDE HFTD",10/26/2019 17:44,"KELSEYVILLE,LAKEPORT",10/30/2019 18:10
"CLIFF DRIVE-0401",NON-HFTD,10/26/2019 20:32,SANTA CRUZ,10/30/2019 06:09
"CLOVERDALE-1101","TIER 2,PARTIALLYOUTSIDE HFTD",10/26/2019 19:06,CLOVERDALE,10/30/2019 21:49
"CLOVERDALE-1102","TIER 3, TIER 2,PARTIALLYOUTSIDE HFTD",10/26/2019 16:25,"CLOVERDALE,GEYSERVILLE",10/31/2019 20:03
"COARSEGOLD-2102","TIER 3, TIER 2,PARTIALLYOUTSIDE HFTD",10/27/2019 13:51,"BASS LAKE,COARSEGOLD,NORTH FORK,OAKHURST",10/29/2019 17:00
"COARSEGOLD-2103","TIER 2,PARTIALLYOUTSIDE HFTD",10/27/2019 13:45,"COARSEGOLD, ONEALS",10/29/2019 12:10
"COARSEGOLD-2104","TIER 3, TIER 2,PARTIALLYOUTSIDE HFTD",10/27/2019 13:46,"COARSEGOLD,MADERA,OAKHURST,RAYMOND",10/29/2019 13:07
COAST RD-0401*,"TIER 2,PARTIALLYOUTSIDE HFTD",10/26/2019 20:32,DAVENPORT,10/28/2019 19:51
"COLUMBIAHILL-1101","TIER 3, TIER 2",10/26/2019 18:24,"CAMPTONVILLE,NEVADA CITY,NORTH SANJUAN",10/31/2019 16:50
"CONTRA COSTA-2109",NON-HFTD,10/27/2019 02:57,"ANTIOCH,OAKLEY",10/28/2019 18:08
CORNING-1101*,"TIER 2,PARTIALLYOUTSIDE HFTD",10/26/2019 17:01,"CORNING,FLOURNOY",10/30/2019 12:29
CORNING-1102*,"TIER 2,PARTIALLYOUTSIDE HFTD",10/26/2019 17:00,"CORNING,FLOURNOY,PASKENTA, REDBLUFF",10/29/2019 18:34
CORONA-1103*,"TIER 2,PARTIALLYOUTSIDE HFTD",10/26/2019 17:38,PENNGROVE,10/28/2019 17:50
CORRAL-1101,"TIER 2,PARTIALLYOUTSIDE HFTD",10/27/2019 00:25,"BURSON, IONE,LINDEN,STOCKTON,VALLEYSPRINGS,WALLACE",10/29/2019 06:23
CORRAL-1102,"TIER 2,PARTIALLYOUTSIDE HFTD",10/27/2019 00:15,"BURSON,LINDEN, VALLEYSPRINGS",10/28/2019 17:08
CORRAL-1103,"TIER 2,PARTIALLYOUTSIDE HFTD",10/27/2019 00:25,"FARMINGTON,LINDEN, VALLEYSPRINGS",10/28/2019 19:25
CORTINA-1101*,"TIER 2,PARTIALLYOUTSIDE HFTD",10/26/2019 18:34,WILLIAMS,10/29/2019 09:25
COTATI-1102,"TIER 2,PARTIALLYOUTSIDE HFTD",10/26/2019 19:51,"COTATI,PENNGROVE,PETALUMA,ROHNERT PARK",10/30/2019 17:35
COTATI-1103,"TIER 2,PARTIALLYOUTSIDE HFTD",10/26/2019 19:51,"DILLON BEACH,FALLON,MARSHALL,PETALUMA,TOMALES",10/31/2019 17:54
COTATI-1104,"TIER 2,PARTIALLYOUTSIDE HFTD",10/26/2019 19:51,COTATI,10/30/2019 16:45
COTATI-1105,"TIER 2,PARTIALLYOUTSIDE HFTD",10/26/2019 19:51,"BODEGA BAY,COTATI,FALLON,PETALUMA,SEBASTOPOL,VALLEY FORD",10/31/2019 12:48
"COTTONWOOD-1101*","TIER 2,PARTIALLYOUTSIDE HFTD",10/26/2019 17:03,"COTTONWOOD,RED BLUFF",10/30/2019 15:35
"COTTONWOOD-1102*","TIER 2,PARTIALLYOUTSIDE HFTD",10/26/2019 17:04,"ANDERSON,COTTONWOOD,IGO",10/30/2019 14:49
"COTTONWOOD-1103*","TIER 2,PARTIALLYOUTSIDE HFTD",10/26/2019 17:06,"COTTONWOOD,RED BLUFF",10/29/2019 13:13
COVELO-1101,"TIER 2,PARTIALLYOUTSIDE HFTD",10/26/2019 17:44,"COVELO, DOSRIOS",10/30/2019 17:32
CURTIS-1701,"TIER 2,PARTIALLYOUTSIDE HFTD",10/27/2019 00:19,SONORA,10/28/2019 13:53
CURTIS-1702,"TIER 3, TIER 2,PARTIALLYOUTSIDE HFTD",10/27/2019 00:34,"SONORA,SOULSBYVILLE,TUOLUMNE",10/30/2019 09:08
CURTIS-1703,"TIER 3, TIER 2,PARTIALLYOUTSIDE HFTD",10/27/2019 00:05,"GROVELAND,JAMESTOWN,SONORA",10/29/2019 15:39
CURTIS-1704,"TIER 3, TIER 2,PARTIALLYOUTSIDE HFTD",10/27/2019 00:08,"COLUMBIA,SONORA",10/30/2019 09:09
CURTIS-1705,"TIER 3, TIER 2,PARTIALLYOUTSIDE HFTD",10/27/2019 00:33,"SONORA,SOULSBYVILLE,TUOLUMNE",10/28/2019 18:30
"DAIRYVILLE-1101",NON-HFTD,10/26/2019 18:20,"LOS MOLINOS,RED BLUFF",10/28/2019 13:45
"DESCHUTES-1101","TIER 3, TIER 2,PARTIALLYOUTSIDE HFTD",10/26/2019 19:01,"MILLVILLE, OAKRUN, PALOCEDRO,SHINGLETOWN",10/31/2019 09:50
"DESCHUTES-1104","TIER 2,PARTIALLYOUTSIDE HFTD",10/26/2019 19:01,"ANDERSON,BELLA VISTA,MILLVILLE,PALO CEDRO,REDDING",10/30/2019 14:32
"DIAMONDSPRINGS-1103*","TIER 3, TIER 2,PARTIALLYOUTSIDE HFTD",10/26/2019 17:19,PLACERVILLE,10/30/2019 17:15
"DIAMONDSPRINGS-1104*","TIER 3, TIER 2,PARTIALLYOUTSIDE HFTD",10/26/2019 17:24,"DIAMONDSPRINGS, ELDORADO,PLACERVILLE",10/28/2019 15:33
"DIAMONDSPRINGS-1105","TIER 3, TIER 2,PARTIALLYOUTSIDE HFTD",10/26/2019 17:25,"DIAMONDSPRINGS, ELDORADO,PLACERVILLE,SHINGLESPRINGS",10/29/2019 13:10
"DIAMONDSPRINGS-1106*","TIER 2,PARTIALLYOUTSIDE HFTD",10/26/2019 17:33,"DIAMONDSPRINGS,PLACERVILLE",10/30/2019 19:06
"DIAMONDSPRINGS-1107*","TIER 3, TIER 2,PARTIALLYOUTSIDE HFTD",10/26/2019 17:41,"PLACERVILLE,SHINGLESPRINGS",10/28/2019 16:39
DOBBINS-1101,"TIER 3, TIER 2,PARTIALLYOUTSIDE HFTD",10/26/2019 18:30,"CAMPTONVILLE,DOBBINS,OREGON HOUSE",10/30/2019 17:54
DRUM-1101,"TIER 3, TIER 2,PARTIALLYOUTSIDE HFTD",10/26/2019 18:56,"ALTA, BAXTER,EMIGRANT GAP",10/31/2019 11:31
DUNBAR-1101,"TIER 3, TIER 2,PARTIALLYOUTSIDE HFTD",10/26/2019 20:47,"GLEN ELLEN,KENWOOD,SANTA ROSA",10/31/2019 16:52
DUNBAR-1102,"TIER 3, TIER 2,PARTIALLYOUTSIDE HFTD",10/26/2019 20:47,"GLEN ELLEN,SANTA ROSA,SONOMA",11/01/2019 14:26
DUNBAR-1103,"TIER 3, TIER 2,PARTIALLYOUTSIDE HFTD",10/26/2019 21:07,"GLEN ELLEN,SONOMA",10/31/2019 17:02
"EASTMARYSVILLE-1108*",TIER 2,10/26/2019 19:02,MARYSVILLE,10/28/2019 15:50
"EDENVALE-1102*","TIER 2,PARTIALLYOUTSIDE HFTD",10/26/2019 20:30,SAN JOSE,10/28/2019 15:59
EDENVALE-1103,NON-HFTD,10/26/2019 20:30,SAN JOSE,10/28/2019 15:19
"EDENVALE-2107*","TIER 2,PARTIALLYOUTSIDE HFTD",10/26/2019 20:11,MORGAN HILL,10/28/2019 17:06
EDES-1112*,"TIER 3, TIER 2,PARTIALLYOUTSIDE HFTD",10/26/2019 20:20,OAKLAND,10/28/2019 23:06
EEL RIVER-1102,"TIER 2,PARTIALLYOUTSIDE HFTD",10/26/2019 22:42,"EUREKA,FERNBRIDGE,FERNDALE,FORTUNA,LOLETA",10/28/2019 12:34
EEL RIVER-1103,"TIER 2,PARTIALLYOUTSIDE HFTD",10/26/2019 22:42,FERNDALE,10/28/2019 12:07
"EL CERRITO G-1105","TIER 3, TIER 2,PARTIALLYOUTSIDE HFTD",10/26/2019 21:53,"BERKELEY, ELCERRITO,KENSINGTON,RICHMOND",10/28/2019 16:38
"EL CERRITO G-1108","TIER 2,PARTIALLYOUTSIDE HFTD",10/26/2019 22:21,"ALBANY,BERKELEY, ELCERRITO,KENSINGTON",10/28/2019 16:46
"EL CERRITO G-1110*","TIER 2,PARTIALLYOUTSIDE HFTD",10/26/2019 20:39,KENSINGTON,10/28/2019 16:46
"EL CERRITO G-1111*","TIER 2,PARTIALLYOUTSIDE HFTD",10/26/2019 20:15,EL CERRITO,10/28/2019 16:10
"EL CERRITO G-1112*","TIER 3, TIER 2,PARTIALLYOUTSIDE HFTD",10/26/2019 20:36,"EL CERRITO,RICHMOND",10/28/2019 11:40
"EL DORADO PH-2101","TIER 3, TIER 2,PARTIALLYOUTSIDE HFTD",10/26/2019 20:08,"GRIZZLY FLATS,KYBURZ,PACIFIC HOUSE,PLACERVILLE,POLLOCK PINES,SOMERSET,TWIN BRIDGES",10/31/2019 10:24
"EL DORADO PH-2102",TIER 3,10/26/2019 20:08,POLLOCK PINES,10/30/2019 11:54
ELECTRA-1101,"TIER 2,PARTIALLYOUTSIDE HFTD",10/26/2019 17:41,"JACKSON, PINEGROVE",10/31/2019 09:00
ELECTRA-1102,"TIER 2,PARTIALLYOUTSIDE HFTD",10/26/2019 17:41,"JACKSON,MOKELUMNEHILL",10/30/2019 16:17
ELK CREEK-1101,TIER 2,10/26/2019 23:06,"ELK CREEK,ORLAND,STONYFORD,WILLOWS",10/30/2019 14:56
ELK-1101,"TIER 2,PARTIALLYOUTSIDE HFTD",10/26/2019 17:44,"ALBION, ELK,LITTLE RIVER,MANCHESTER",10/31/2019 00:53
"EMERALD LAKE-0401","TIER 3, TIER 2,PARTIALLYOUTSIDE HFTD",10/26/2019 20:08,"REDWOOD CITY,WOODSIDE",10/29/2019 14:58
"EMERALD LAKE-0402","TIER 2,PARTIALLYOUTSIDE HFTD",10/26/2019 20:11,REDWOOD CITY,10/28/2019 18:30
"ESTUDILLO-0401*","TIER 2,PARTIALLYOUTSIDE HFTD",10/26/2019 21:56,"OAKLAND, SANLEANDRO",10/28/2019 18:18
EUREKA A-1103,NON-HFTD,10/26/2019 22:48,EUREKA,10/28/2019 11:48
EUREKA A-1106,NON-HFTD,10/26/2019 22:48,EUREKA,10/28/2019 11:29
EUREKA A-1107,NON-HFTD,10/26/2019 22:48,EUREKA,10/28/2019 11:26
EUREKA E-1101,NON-HFTD,10/26/2019 22:49,EUREKA,10/28/2019 11:47
EUREKA E-1104,"TIER 2,PARTIALLYOUTSIDE HFTD",10/26/2019 22:49,EUREKA,10/28/2019 11:38
EUREKA E-1105,NON-HFTD,10/26/2019 22:49,EUREKA,10/28/2019 11:33
"FAIRHAVEN-1103",NON-HFTD,10/26/2019 22:58,"ARCATA,MANILA, SAMOA",10/28/2019 15:27
"FAIRHAVEN-1104",NON-HFTD,10/26/2019 22:58,SAMOA,10/28/2019 15:27
"FAIRMOUNT-0401*","TIER 2,PARTIALLYOUTSIDE HFTD",10/26/2019 22:25,EL CERRITO,10/28/2019 15:40
FAIRVIEW-2207*,"TIER 2,PARTIALLYOUTSIDE HFTD",10/26/2019 20:03,"CROCKETT,MARTINEZ,PORT COSTA",10/28/2019 16:10
FELTON-0401,"TIER 3, TIER 2,PARTIALLYOUTSIDE HFTD",10/26/2019 20:39,"BEN LOMOND,FELTON",10/28/2019 18:44
"FITCHMOUNTAIN-11112","TIER 2,PARTIALLYOUTSIDE HFTD",10/26/2019 19:50,"HEALDSBURG,WINDSOR",10/31/2019 18:46
"FITCHMOUNTAIN-11132","TIER 3, TIER 2,PARTIALLYOUTSIDE HFTD",10/26/2019 19:50,HEALDSBURG,11/01/2019 12:31
FLINT-1101*,"TIER 2,PARTIALLYOUTSIDE HFTD",10/26/2019 17:17,AUBURN,10/30/2019 09:42
FLINT-1102,TIER 2,10/26/2019 17:26,AUBURN,10/28/2019 09:29
FLORENCE-0401,"TIER 2,PARTIALLYOUTSIDE HFTD",10/26/2019 21:21,"OAKLAND,PIEDMONT",10/28/2019 19:58
"FORESTHILL-1101","TIER 3, TIER 2",10/26/2019 19:04,FORESTHILL,10/30/2019 17:21
"FORESTHILL-1102","TIER 3, TIER 2,PARTIALLYOUTSIDE HFTD",10/26/2019 19:04,FORESTHILL,10/30/2019 13:08
"FORT BRAGG A-1101","TIER 2,PARTIALLYOUTSIDE HFTD",10/26/2019 17:44,"FORT BRAGG,WESTPORT",10/31/2019 01:21
"FORT BRAGG A-1102","TIER 2,PARTIALLYOUTSIDE HFTD",10/26/2019 17:44,FORT BRAGG,10/31/2019 09:02
"FORT BRAGG A-1103","TIER 2,PARTIALLYOUTSIDE HFTD",10/26/2019 17:44,FORT BRAGG,10/31/2019 02:49
"FORT BRAGG A-1104","TIER 2,PARTIALLYOUTSIDE HFTD",10/26/2019 17:44,FORT BRAGG,10/30/2019 18:36
FORT ROSS-1121,"TIER 3, TIER 2,PARTIALLYOUTSIDE HFTD",10/26/2019 19:50,"CAZADERO,JENNER",11/01/2019 11:14
"FORT SEWARD-1121","TIER 2,PARTIALLYOUTSIDE HFTD",10/26/2019 21:55,"ALDERPOINT,ZENIA",10/29/2019 16:21
"FORT SEWARD-1122","TIER 2,PARTIALLYOUTSIDE HFTD",10/26/2019 21:55,"ALDERPOINT,BLOCKSBURG,GARBERVILLE",10/29/2019 13:56
FRANKLIN-1101*,"TIER 2,PARTIALLYOUTSIDE HFTD",10/26/2019 20:17,CROCKETT,10/28/2019 15:04
FRANKLIN-1102,NON-HFTD,10/26/2019 22:21,"HERCULES,PINOLE",10/28/2019 13:19
FRANKLIN-1104*,"TIER 2,PARTIALLYOUTSIDE HFTD",10/26/2019 20:05,"CROCKETT,RODEO",10/28/2019 14:03
FREMONT-1104*,"TIER 2,PARTIALLYOUTSIDE HFTD",10/26/2019 20:11,FREMONT,10/28/2019 09:46
"FRENCHGULCH-1101",TIER 2,10/26/2019 18:54,FRENCH GULCH,10/30/2019 16:33
"FRENCHGULCH-1102","TIER 2,PARTIALLYOUTSIDE HFTD",10/26/2019 18:54,WHISKEYTOWN,10/30/2019 16:25
FROGTOWN-1701,"TIER 3, TIER 2,PARTIALLYOUTSIDE HFTD",10/27/2019 00:09,"ANGELS CAMP,AVERY,DOUGLAS FLAT,MURPHYS,SHEEP RANCH",10/30/2019 15:38
"FROGTOWN-1702","TIER 2,PARTIALLYOUTSIDE HFTD",10/27/2019 00:14,"ANGELS CAMP,COPPEROPOLIS,MURPHYS, SANANDREAS,VALLECITO",10/29/2019 15:47
FRUITLAND-1141,"TIER 2,PARTIALLYOUTSIDE HFTD",10/26/2019 21:55,"MYERS FLAT,REDCREST,WEOTT",10/28/2019 21:29
FRUITLAND-1142,"TIER 2,PARTIALLYOUTSIDE HFTD",10/26/2019 21:55,"MIRANDA,MYERS FLAT,PHILLIPSVILLE",10/29/2019 17:50
FULTON-1102*3,"TIER 3, TIER 2,PARTIALLYOUTSIDE HFTD",10/26/2019 17:10,"HEALDSBURG,SANTA ROSA,WINDSOR",10/30/2019 18:27
FULTON-1104*3,TIER 2,10/26/2019 17:18,WINDSOR,10/30/2019 17:13
FULTON-1107*3,"TIER 3,PARTIALLYOUTSIDE HFTD",10/26/2019 17:23,SANTA ROSA,10/31/2019 16:13
GABILAN-1101*,"TIER 2,PARTIALLYOUTSIDE HFTD",10/26/2019 20:13,SALINAS,10/28/2019 11:48
"GARBERVILLE-1101","TIER 2,PARTIALLYOUTSIDE HFTD",10/26/2019 21:53,"GARBERVILLE,LEGGETT,PIERCY,WESTPORT",10/29/2019 17:16
"GARBERVILLE-1102","TIER 2,PARTIALLYOUTSIDE HFTD",10/26/2019 21:53,"GARBERVILLE,HONEYDEW,PETROLIA,PHILLIPSVILLE,REDWAY,WHITETHORN",10/28/2019 16:25
"GARBERVILLE-1103","TIER 2,PARTIALLYOUTSIDE HFTD",10/26/2019 21:53,GARBERVILLE,10/28/2019 16:34
GARCIA-0401,TIER 2,10/26/2019 17:44,POINT ARENA,10/31/2019 06:27
GERBER-1101,NON-HFTD,10/26/2019 18:03,"CORNING,GERBER,TEHAMA",10/28/2019 13:14
GERBER-1102,NON-HFTD,10/26/2019 18:03,"GERBER,PROBERTA, REDBLUFF",10/28/2019 13:25
"GEYSERVILLE-1101*","TIER 2,PARTIALLYOUTSIDE HFTD",10/26/2019 17:17,"CLOVERDALE,GEYSERVILLE,HEALDSBURG",10/31/2019 19:12
"GEYSERVILLE-1102*","TIER 3, TIER 2,PARTIALLYOUTSIDE HFTD",10/26/2019 17:40,"CLOVERDALE,GEYSERVILLE,HEALDSBURG",10/31/2019 17:40
GIRVAN-1101,"TIER 3, TIER 2,PARTIALLYOUTSIDE HFTD",10/26/2019 17:00,"ANDERSON, IGO,REDDING",10/30/2019 16:26
GIRVAN-1102*,"TIER 3, TIER 2,PARTIALLYOUTSIDE HFTD",10/26/2019 17:01,REDDING,10/30/2019 13:45
GLENN-1101*,"TIER 2,PARTIALLYOUTSIDE HFTD",10/26/2019 17:07,ORLAND,10/28/2019 19:09
GONZALES-1101,"TIER 2,PARTIALLYOUTSIDE HFTD",10/26/2019 21:17,GONZALES,10/28/2019 14:20
GONZALES-1102,NON-HFTD,10/26/2019 21:17,GONZALES,10/28/2019 14:25
GONZALES-1103,"TIER 2,PARTIALLYOUTSIDE HFTD",10/26/2019 21:17,"GONZALES,SALINAS,SOLEDAD",10/28/2019 14:42
GONZALES-1104,"TIER 2,PARTIALLYOUTSIDE HFTD",10/26/2019 21:17,"CHUALAR,GONZALES,SALINAS",10/28/2019 14:03
"GRASS VALLEY-1101","TIER 3, TIER 2,PARTIALLYOUTSIDE HFTD",10/26/2019 17:59,GRASS VALLEY,10/31/2019 14:11
"GRASS VALLEY-1102","TIER 2,PARTIALLYOUTSIDE HFTD",10/30/2019 15:21,GRASS VALLEY,10/30/2019 15:23
"GRASS VALLEY-1103","TIER 2,PARTIALLYOUTSIDE HFTD",10/26/2019 18:41,"GRASS VALLEY,PENN VALLEY",10/30/2019 12:51
"GREEN VALLEY-2101*","TIER 3, TIER 2,PARTIALLYOUTSIDE HFTD",10/26/2019 20:14,WATSONVILLE,10/30/2019 15:53
"GREEN VALLEY-2103",NON-HFTD,10/26/2019 22:21,"FREEDOM,WATSONVILLE",10/28/2019 12:19
"GREENBRAE-1101",NON-HFTD,10/26/2019 21:11,"CORTE MADERA,GREENBRAE,LARKSPUR",10/28/2019 16:26
"GREENBRAE-1102","TIER 3,PARTIALLYOUTSIDE HFTD",10/26/2019 20:41,"GREENBRAE,KENTFIELD,LARKSPUR",10/28/2019 17:48
"GREENBRAE-1103","TIER 3, TIER 2,PARTIALLYOUTSIDE HFTD",10/26/2019 18:29,"CORTE MADERA,GREENBRAE,KENTFIELD,LARKSPUR",10/28/2019 15:00
"GREENBRAE-1104","TIER 2,PARTIALLYOUTSIDE HFTD",10/26/2019 18:29,"CORTE MADERA,TIBURON",10/29/2019 18:15
GUALALA-1111,"TIER 2,PARTIALLYOUTSIDE HFTD",10/26/2019 17:44,"GUALALA,STEWARTSPOINT, THE SEARANCH",10/30/2019 16:12
GUALALA-1112,"TIER 2,PARTIALLYOUTSIDE HFTD",10/26/2019 17:44,"GUALALA,POINT ARENA",10/30/2019 13:24
"HALF MOONBAY-1101","TIER 3, TIER 2,PARTIALLYOUTSIDE HFTD",10/26/2019 20:04,"EL GRANADA,HALF MOONBAY, MOSSBEACH, SANMATEO,WOODSIDE",10/28/2019 16:36
"HALF MOONBAY-1102","TIER 3, TIER 2,PARTIALLYOUTSIDE HFTD",10/26/2019 20:02,"EL GRANADA,HALF MOONBAY, MONTARA,MOSS BEACH",10/28/2019 16:33
"HALF MOONBAY-1103","TIER 3, TIER 2,PARTIALLYOUTSIDE HFTD",10/26/2019 20:02,"HALF MOONBAY, LA HONDA,LOMA MAR,PESCADERO,SAN GREGORIO,WOODSIDE",10/30/2019 16:47
HALSEY-1101,"TIER 2,PARTIALLYOUTSIDE HFTD",10/26/2019 19:06,"AUBURN,MEADOW VISTA",10/30/2019 12:18
HALSEY-1102,"TIER 2,PARTIALLYOUTSIDE HFTD",10/26/2019 19:55,"APPLEGATE,AUBURN,COLFAX,MEADOW VISTA",10/31/2019 09:32
HARRIS-1108,"TIER 2,PARTIALLYOUTSIDE HFTD",10/26/2019 22:51,EUREKA,10/28/2019 11:18
HARRIS-1109,"TIER 2,PARTIALLYOUTSIDE HFTD",10/26/2019 22:51,EUREKA,10/28/2019 11:20
HARTLEY-1101,"TIER 2,PARTIALLYOUTSIDE HFTD",10/26/2019 17:44,LAKEPORT,10/30/2019 17:20
HARTLEY-1102,"TIER 2,PARTIALLYOUTSIDE HFTD",10/26/2019 17:44,LAKEPORT,10/30/2019 17:27
HICKS-1116*,"TIER 2,PARTIALLYOUTSIDE HFTD",10/26/2019 20:07,LOS GATOS,10/28/2019 17:10
HICKS-2101,"TIER 3, TIER 2,PARTIALLYOUTSIDE HFTD",10/26/2019 20:20,SAN JOSE,10/29/2019 15:18
HICKS-2103*,"TIER 3, TIER 2,PARTIALLYOUTSIDE HFTD",10/26/2019 20:15,LOS GATOS,10/29/2019 14:19
HIGGINS-1103,"TIER 2,PARTIALLYOUTSIDE HFTD",10/26/2019 17:01,"AUBURN, GRASSVALLEY",10/30/2019 15:28
HIGGINS-1104,"TIER 2,PARTIALLYOUTSIDE HFTD",10/26/2019 17:05,GRASS VALLEY,10/30/2019 13:00
HIGGINS-1107,"TIER 2,PARTIALLYOUTSIDE HFTD",10/26/2019 17:09,"AUBURN, GRASSVALLEY",10/30/2019 09:43
HIGGINS-1109,"TIER 2,PARTIALLYOUTSIDE HFTD",10/26/2019 17:12,"AUBURN, GRASSVALLEY",10/31/2019 14:02
HIGGINS-1110,"TIER 2,PARTIALLYOUTSIDE HFTD",10/26/2019 17:14,"AUBURN, GRASSVALLEY",10/30/2019 13:26
"HIGHLANDS-1102","TIER 3, TIER 2,PARTIALLYOUTSIDE HFTD",10/26/2019 19:21,"CLEARLAKE,CLEARLAKEOAKS",10/30/2019 17:24
"HIGHLANDS-1103","TIER 2,PARTIALLYOUTSIDE HFTD",10/26/2019 19:21,"CLEARLAKE,HIDDEN VALLEYLAKE, LOWERLAKE,MIDDLETOWN",10/30/2019 15:57
"HIGHLANDS-1104","TIER 2,PARTIALLYOUTSIDE HFTD",10/26/2019 19:21,CLEARLAKE,10/30/2019 15:29
HIGHWAY-1101,NON-HFTD,10/26/2019 20:31,"AMERICANCANYON,VALLEJO",10/29/2019 15:42
HIGHWAY-1102,NON-HFTD,10/26/2019 20:40,"AMERICANCANYON, NAPA,VALLEJO",10/29/2019 15:43
HIGHWAY-1103,NON-HFTD,10/26/2019 20:36,"AMERICANCANYON,VALLEJO",10/29/2019 16:44
HIGHWAY-1104,NON-HFTD,10/26/2019 20:27,"AMERICANCANYON,VALLEJO",10/29/2019 15:50
HIGHWAY-1105,NON-HFTD,10/26/2019 20:42,"AMERICANCANYON",10/29/2019 15:50
HIGHWAY-1106,NON-HFTD,10/26/2019 20:32,VALLEJO,10/29/2019 15:47
"HOLLISTER-2102*","TIER 2,PARTIALLYOUTSIDE HFTD",10/26/2019 20:38,HOLLISTER,10/29/2019 10:00
"HOLLISTER-2104*","TIER 2,PARTIALLYOUTSIDE HFTD",10/26/2019 20:08,HOLLISTER,10/29/2019 13:10
"HOLLISTER-2105*","TIER 2,PARTIALLYOUTSIDE HFTD",10/26/2019 20:14,PAICINES,10/29/2019 13:37
"HOLLISTER-2106*","TIER 2,PARTIALLYOUTSIDE HFTD",10/26/2019 20:21,HOLLISTER,10/28/2019 08:34
"HOLLYWOOD-0401*","TIER 2,PARTIALLYOUTSIDE HFTD",10/26/2019 21:46,OAKLAND,10/29/2019 12:56
HOOPA-1101,"TIER 3, TIER 2,PARTIALLYOUTSIDE HFTD",10/26/2019 22:12,"HOOPA,ORLEANS,SOMES BAR,WEITCHPEC",10/28/2019 12:44
HOPLAND-1101,"TIER 2,PARTIALLYOUTSIDE HFTD",10/26/2019 17:58,"HOPLAND,LAKEPORT,UKIAH",10/30/2019 19:58
"HORSESHOE-1101*","TIER 2,PARTIALLYOUTSIDE HFTD",10/26/2019 17:20,"GRANITE BAY,LOOMIS",10/29/2019 11:02
"HORSESHOE-1104*","TIER 2,PARTIALLYOUTSIDE HFTD",10/26/2019 17:19,GRANITE BAY,10/29/2019 10:26
"HUMBOLDTBAY-1101",NON-HFTD,10/26/2019 23:54,"EUREKA, FIELDSLANDING",10/28/2019 11:37
"HUMBOLDTBAY-1102","TIER 2,PARTIALLYOUTSIDE HFTD",10/26/2019 23:54,EUREKA,10/28/2019 11:35
IGNACIO-1101,"TIER 3, TIER 2,PARTIALLYOUTSIDE HFTD",10/26/2019 20:46,NOVATO,10/28/2019 18:11
IGNACIO-1102,NON-HFTD,10/26/2019 20:25,NOVATO,10/28/2019 18:22
IGNACIO-1103,"TIER 2,PARTIALLYOUTSIDE HFTD",10/26/2019 20:25,NOVATO,10/28/2019 18:01
IGNACIO-1104,"TIER 2,PARTIALLYOUTSIDE HFTD",10/26/2019 20:25,"NOVATO,PETALUMA,SONOMA",10/28/2019 18:20
IGNACIO-1105,"TIER 2,PARTIALLYOUTSIDE HFTD",10/26/2019 17:28,NOVATO,10/29/2019 14:17
"INDIAN FLAT-1104",TIER 2,10/27/2019 14:27,"EL PORTAL,YOSEMITENATIONAL PARK",10/29/2019 15:50
JAMESON-1102*,"TIER 2,PARTIALLYOUTSIDE HFTD",10/26/2019 17:22,"FAIRFIELD,SUISUN CITY",10/30/2019 16:40
JAMESON-1103*,"TIER 2,PARTIALLYOUTSIDE HFTD",10/26/2019 17:28,VALLEJO,10/30/2019 09:34
JAMESON-1104,NON-HFTD,10/26/2019 17:39,FAIRFIELD,10/28/2019 21:32
JAMESON-1105*,"TIER 2,PARTIALLYOUTSIDE HFTD",10/26/2019 17:26,"FAIRFIELD,SUISUN CITY",10/30/2019 16:23
"JANES CREEK-1101",NON-HFTD,10/26/2019 22:18,"ARCATA,MCKINLEYVILLE",10/28/2019 13:35
"JANES CREEK-1102",NON-HFTD,10/26/2019 22:18,ARCATA,10/28/2019 13:36
"JANES CREEK-1103",NON-HFTD,10/26/2019 22:18,"ARCATA,MCKINLEYVILLE",10/28/2019 13:39
"JANES CREEK-1104",NON-HFTD,10/26/2019 22:18,ARCATA,10/28/2019 14:07
JARVIS-1101*,"TIER 2,PARTIALLYOUTSIDE HFTD",10/26/2019 21:06,HAYWARD,10/28/2019 09:41
JARVIS-1108*,"TIER 2,PARTIALLYOUTSIDE HFTD",10/26/2019 20:43,HAYWARD,10/28/2019 11:06
JARVIS-1111*,"TIER 3, TIER 2,PARTIALLYOUTSIDE HFTD",10/26/2019 20:05,FREMONT,10/28/2019 11:27
JESSUP-1101,"TIER 3, TIER 2,PARTIALLYOUTSIDE HFTD",10/26/2019 19:15,"ANDERSON, IGO,REDDING",10/31/2019 10:08
JESSUP-1102,"TIER 2,PARTIALLYOUTSIDE HFTD",10/26/2019 19:15,ANDERSON,10/30/2019 16:56
JESSUP-1103,"TIER 2,PARTIALLYOUTSIDE HFTD",10/26/2019 19:15,"ANDERSON,REDDING",10/30/2019 13:01
KANAKA-1101,"TIER 3, TIER 2,PARTIALLYOUTSIDE HFTD",10/26/2019 17:35,"FEATHER FALLS,FORBESTOWN,OROVILLE",11/01/2019 12:42
"KERCKHOFF-1101",TIER 2,10/27/2019 13:52,"AUBERRY, ONEALS",10/28/2019 18:35
KERN OIL-1106*,"TIER 2,PARTIALLYOUTSIDE HFTD",10/29/2019 21:00,BAKERSFIELD,10/30/2019 23:26
KESWICK-1101,"TIER 3, TIER 2",10/26/2019 18:50,"REDDING,SHASTA,WHISKEYTOWN",10/30/2019 16:04
KIRKER-2104*,TIER 2,10/26/2019 21:24,PITTSBURG,10/29/2019 17:45
KONOCTI-1102,"TIER 3, TIER 2,PARTIALLYOUTSIDE HFTD",10/26/2019 17:53,"COBB,KELSEYVILLE,LOCH LOMOND,LOWER LAKE,MIDDLETOWN",11/01/2019 11:28
KONOCTI-1108,"TIER 2,PARTIALLYOUTSIDE HFTD",10/26/2019 17:53,KELSEYVILLE,10/30/2019 17:52
"LAKEVILLE-1102*","TIER 3, TIER 2,PARTIALLYOUTSIDE HFTD",10/26/2019 17:43,PETALUMA,10/31/2019 12:01
"LAKEWOOD-1102*","TIER 2,PARTIALLYOUTSIDE HFTD",10/26/2019 20:13,WALNUT CREEK,10/29/2019 10:13
"LAKEWOOD-2107*","TIER 2,PARTIALLYOUTSIDE HFTD",10/26/2019 20:23,LAFAYETTE,10/29/2019 12:06
"LAKEWOOD-2109*","TIER 3,PARTIALLYOUTSIDE HFTD",10/26/2019 20:40,WALNUT CREEK,10/28/2019 18:19
"LAKEWOOD-2224*",TIER 3,10/26/2019 20:57,ALAMO,10/29/2019 10:30
LAMONT-1102*,"TIER 2,PARTIALLYOUTSIDE HFTD",10/29/2019 20:56,LAMONT,10/31/2019 09:27
"LAS AROMAS-0401*","TIER 2,PARTIALLYOUTSIDE HFTD",10/26/2019 20:30,ORINDA,10/29/2019 15:27
"LAS GALLINASA-1103",NON-HFTD,10/26/2019 20:25,SAN RAFAEL,10/28/2019 17:51
"LAS GALLINASA-1104","TIER 2,PARTIALLYOUTSIDE HFTD",10/26/2019 20:25,SAN RAFAEL,10/28/2019 17:43
"LAS GALLINASA-1105","TIER 3, TIER 2,PARTIALLYOUTSIDE HFTD",10/26/2019 20:25,"NICASIO, SANRAFAEL",10/28/2019 19:16
"LAS GALLINASA-1106","TIER 3, TIER 2,PARTIALLYOUTSIDE HFTD",10/26/2019 20:25,"NOVATO, SANRAFAEL",10/28/2019 18:24
"LAS GALLINASA-1107","TIER 2,PARTIALLYOUTSIDE HFTD",10/26/2019 20:25,SAN RAFAEL,10/28/2019 21:09
"LAS POSITAS-2108*","TIER 2,PARTIALLYOUTSIDE HFTD",10/26/2019 20:13,LIVERMORE,10/28/2019 14:14
"LAS PULGAS-0401*","TIER 2,PARTIALLYOUTSIDE HFTD",10/26/2019 22:14,REDWOOD CITY,10/28/2019 09:50
"LAYTONVILLE-1101","TIER 2,PARTIALLYOUTSIDE HFTD",10/26/2019 17:44,"CUMMINGS,LAYTONVILLE,LEGGETT",10/30/2019 16:54
"LAYTONVILLE-1102","TIER 3, TIER 2,PARTIALLYOUTSIDE HFTD",10/26/2019 17:44,"BRANSCOMB,LAYTONVILLE,WILLITS",10/30/2019 16:57
LINCOLN-1101*,"TIER 2,PARTIALLYOUTSIDE HFTD",10/26/2019 17:17,"LINCOLN,NEWCASTLE",10/29/2019 09:48
LINCOLN-1104*,"TIER 2,PARTIALLYOUTSIDE HFTD",10/26/2019 17:10,LINCOLN,10/30/2019 16:02
LLAGAS-2101*,"TIER 2,PARTIALLYOUTSIDE HFTD",10/26/2019 20:31,GILROY,10/29/2019 16:54
LLAGAS-2104*,"TIER 2,PARTIALLYOUTSIDE HFTD",10/26/2019 22:23,GILROY,10/28/2019 13:41
LLAGAS-2105*,"TIER 3, TIER 2,PARTIALLYOUTSIDE HFTD",10/26/2019 22:04,GILROY,10/28/2019 11:40
LLAGAS-2106*,"TIER 2,PARTIALLYOUTSIDE HFTD",10/26/2019 22:07,GILROY,10/28/2019 16:52
LLAGAS-2107*,"TIER 3, TIER 2,PARTIALLYOUTSIDE HFTD",10/26/2019 20:36,GILROY,10/28/2019 17:19
"LOGAN CREEK-2102*","TIER 2,PARTIALLYOUTSIDE HFTD",10/26/2019 17:01,"ARTOIS,WILLOWS",10/28/2019 15:48
"LONE TREE-2105*","TIER 2,PARTIALLYOUTSIDE HFTD",10/26/2019 23:35,"ANTIOCH,BRENTWOOD",10/29/2019 16:02
LOS GATOS-1101*,"TIER 2,PARTIALLYOUTSIDE HFTD",10/26/2019 20:05,LOS GATOS,10/29/2019 14:18
"LOS GATOS-1102*","TIER 2,PARTIALLYOUTSIDE HFTD",10/26/2019 20:37,LOS GATOS,10/28/2019 14:08
"LOS GATOS-1106*","TIER 3, TIER 2,PARTIALLYOUTSIDE HFTD",10/26/2019 20:21,"LOS GATOS,REDWOODESTATES",10/29/2019 17:51
"LOS GATOS-1107*","TIER 3, TIER 2,PARTIALLYOUTSIDE HFTD",10/26/2019 20:50,LOS GATOS,10/29/2019 18:43
"LOS GATOS-1108*","TIER 3, TIER 2,PARTIALLYOUTSIDE HFTD",10/26/2019 21:40,LOS GATOS,10/28/2019 14:23
"LOS MOLINOS-1101","TIER 2,PARTIALLYOUTSIDE HFTD",10/26/2019 18:05,"LOS MOLINOS,RED BLUFF",10/30/2019 08:48
"LOS MOLINOS-1102",NON-HFTD,10/26/2019 18:05,"LOS MOLINOS,TEHAMA, VINA",10/28/2019 12:59
LOW GAP-1101*,"TIER 2,PARTIALLYOUTSIDE HFTD",10/26/2019 21:10,BRIDGEVILLE,10/30/2019 18:29
LOYOLA-1102*,"TIER 2,PARTIALLYOUTSIDE HFTD",10/26/2019 21:41,"LOS ALTOSHILLS",10/28/2019 11:46
LUCERNE-1103,"TIER 2,PARTIALLYOUTSIDE HFTD",10/26/2019 18:37,"LAKEPORT,NICE, UPPERLAKE",10/30/2019 16:10
LUCERNE-1106,"TIER 2,PARTIALLYOUTSIDE HFTD",10/26/2019 18:37,"GLENHAVEN,KELSEYVILLE,LUCERNE",10/30/2019 17:03
MADISON-2101*,"TIER 2,PARTIALLYOUTSIDE HFTD",10/26/2019 17:38,"BROOKS,GUINDA,RUMSEY",10/30/2019 16:05
"MAPLE CREEK-1101","TIER 2,PARTIALLYOUTSIDE HFTD",10/26/2019 22:16,KNEELAND,10/29/2019 14:30
MARTELL-1101,"TIER 2,PARTIALLYOUTSIDE HFTD",10/26/2019 17:41,"SUTTER CREEK,VOLCANO",10/30/2019 15:49
MARTELL-1102,"TIER 2,PARTIALLYOUTSIDE HFTD",10/26/2019 17:41,"JACKSON,MARTELL,SUTTER CREEK",10/28/2019 17:57
MARTELL-1103,"TIER 2,PARTIALLYOUTSIDE HFTD",10/26/2019 17:41,"IONE, JACKSON,MARTELL,SUTTER CREEK",10/28/2019 16:11
MAXWELL-1105*,"TIER 2,PARTIALLYOUTSIDE HFTD",10/26/2019 17:20,"MAXWELL,SITES",10/28/2019 17:35
MC KEE-1103*,"TIER 2,PARTIALLYOUTSIDE HFTD",10/26/2019 20:15,SAN JOSE,10/28/2019 10:46
MC KEE-1108*,"TIER 2,PARTIALLYOUTSIDE HFTD",10/26/2019 20:22,SAN JOSE,10/28/2019 09:28
MC KEE-1111*,"TIER 2,PARTIALLYOUTSIDE HFTD",10/26/2019 20:25,SAN JOSE,10/28/2019 12:47
"MEADOW LANE-2106*","TIER 3, TIER 2,PARTIALLYOUTSIDE HFTD",10/26/2019 23:35,PLESANT HILL,10/29/2019 12:31
"MENDOCINO-1101","TIER 3, TIER 2,PARTIALLYOUTSIDE HFTD",10/26/2019 17:44,"REDWOODVALLEY,WILLITS",10/30/2019 19:00
MENLO-1102*,"TIER 3, TIER 2,PARTIALLYOUTSIDE HFTD",10/26/2019 20:37,"LA HONDA,PORTOLAVALLEY,REDWOOD CITY,WOODSIDE",10/29/2019 14:40
MENLO-1103*,"TIER 2,PARTIALLYOUTSIDE HFTD",10/26/2019 21:07,"LA HONDA, LOSALTOS HILLS",10/30/2019 14:50
"MIDDLETOWN-1101","TIER 3, TIER 2,PARTIALLYOUTSIDE HFTD",10/26/2019 17:53,"CALISTOGA,COBB,KELSEYVILLE,LOCH LOMOND,MIDDLETOWN",10/31/2019 16:47
"MIDDLETOWN-1102","TIER 3, TIER 2,PARTIALLYOUTSIDE HFTD",10/26/2019 17:53,"HIDDEN VALLEYLAKE,MIDDLETOWN",10/30/2019 19:01
"MIDDLETOWN-11034","TIER 3, TIER 2,PARTIALLYOUTSIDE HFTD",10/26/2019 17:53,MIDDLETOWN,10/30/2019 19:15
MILPITAS-1105*,"TIER 2,PARTIALLYOUTSIDE HFTD",10/26/2019 20:25,MILPITAS,10/28/2019 12:40
MILPITAS-1108*,"TIER 2,PARTIALLYOUTSIDE HFTD",10/26/2019 20:38,"MILPITAS, SANJOSE",10/28/2019 08:57
MILPITAS-1109*,"TIER 2,PARTIALLYOUTSIDE HFTD",10/26/2019 20:11,"MILPITAS, SANJOSE, SUNOL",10/28/2019 16:37
MIRABEL-1101,"TIER 3, TIER 2,PARTIALLYOUTSIDE HFTD",10/26/2019 19:50,"FORESTVILLE,GUERNEVILLE,SEBASTOPOL",10/31/2019 17:18
MIRABEL-1102,"TIER 3, TIER 2,PARTIALLYOUTSIDE HFTD",10/26/2019 19:50,"FORESTVILLE,GUERNEVILLE,HEALDSBURG,SANTA ROSA,SEBASTOPOL",10/31/2019 12:25
MIWUK-1701,"TIER 3, TIER 2",10/27/2019 00:16,"LONG BARN, MIWUK VILLAGE,TUOLUMNE,TWAIN HARTE",10/30/2019 16:03
MIWUK-1702,"TIER 3, TIER 2,PARTIALLYOUTSIDE HFTD",10/27/2019 00:16,"SONORA, TWAINHARTE",10/30/2019 13:21
MOLINO-1101,"TIER 3, TIER 2,PARTIALLYOUTSIDE HFTD",10/26/2019 19:50,SEBASTOPOL,10/31/2019 19:35
MOLINO-1102,"TIER 3, TIER 2,PARTIALLYOUTSIDE HFTD",10/26/2019 19:57,"BODEGA,GRATON,OCCIDENTAL,SEBASTOPOL,VALLEY FORD",11/01/2019 15:50
MOLINO-1103,NON-HFTD,10/26/2019 19:57,"SANTA ROSA,SEBASTOPOL",10/31/2019 16:49
MOLINO-1104,"TIER 2,PARTIALLYOUTSIDE HFTD",10/26/2019 20:02,"SANTA ROSA,SEBASTOPOL",10/30/2019 18:17
MONROE-2103*,"TIER 3,PARTIALLYOUTSIDE HFTD",10/26/2019 17:02,SANTA ROSA,10/28/2019 16:29
MONROE-2107*,"TIER 3,PARTIALLYOUTSIDE HFTD",10/26/2019 17:13,SANTA ROSA,10/31/2019 11:57
MONTE RIO-1111,"TIER 3, TIER 2,PARTIALLYOUTSIDE HFTD",10/26/2019 20:00,"CAZADERO,DUNCANSMILLS,GUERNEVILLE,JENNER,MONTE RIO,VILLA GRANDE",10/31/2019 16:15
MONTE RIO-1112,TIER 3,10/26/2019 20:00,"CAMP MEEKER,GUERNEVILLE,MONTE RIO,OCCIDENTAL,SEBASTOPOL",10/31/2019 13:30
MONTE RIO-1113,TIER 3,10/26/2019 20:00,"GUERNEVILLE,MONTE RIO, RIONIDO",10/31/2019 12:53
"MONTICELLO-1101","TIER 2,PARTIALLYOUTSIDE HFTD",10/26/2019 17:37,"LAKEBERRYESSA,NAPA, SUISUNCITY",10/31/2019 19:48
MORAGA-1101,"TIER 3, TIER 2,PARTIALLYOUTSIDE HFTD",10/26/2019 22:05,ORINDA,10/28/2019 18:56
MORAGA-1102,"TIER 3, TIER 2,PARTIALLYOUTSIDE HFTD",10/26/2019 22:02,ORINDA,10/29/2019 10:14
MORAGA-1103,"TIER 3, TIER 2,PARTIALLYOUTSIDE HFTD",10/26/2019 22:02,"MORAGA,ORINDA",10/28/2019 16:33
MORAGA-1104,"TIER 3, TIER 2,PARTIALLYOUTSIDE HFTD",10/26/2019 22:07,"LAFAYETTE,MORAGA,ORINDA",10/28/2019 15:55
MORAGA-1105*,"TIER 3, TIER 2,PARTIALLYOUTSIDE HFTD",10/26/2019 22:07,"CANYON,MORAGA",10/29/2019 12:47
"MORGAN HILL-2104*","TIER 2,PARTIALLYOUTSIDE HFTD",10/26/2019 20:25,MORGAN HILL,10/28/2019 13:19
"MORGAN HILL-2105*","TIER 3, TIER 2,PARTIALLYOUTSIDE HFTD",10/26/2019 20:05,"GILROY,MORGAN HILL,SAN MARTIN",10/29/2019 18:11
"MORGAN HILL-2109*","TIER 2,PARTIALLYOUTSIDE HFTD",10/26/2019 21:38,MORGAN HILL,10/28/2019 11:34
"MORGAN HILL-2110*","TIER 2,PARTIALLYOUTSIDE HFTD",10/26/2019 21:20,"MORGAN HILL,SAN MARTIN",10/28/2019 10:11
"MORGAN HILL-2111*","TIER 3, TIER 2,PARTIALLYOUTSIDE HFTD",10/26/2019 20:36,"MORGAN HILL,SAN JOSE",10/29/2019 15:25
"MOUNTAINQUARRIES-2101","TIER 3, TIER 2,PARTIALLYOUTSIDE HFTD",10/26/2019 19:57,"COOL, GARDENVALLEY,GEORGETOWN,GREENWOOD,PILOT HILL",10/31/2019 12:54
NAPA-1102*,"TIER 2,PARTIALLYOUTSIDE HFTD",10/26/2019 17:20,NAPA,10/30/2019 08:33
NAPA-1112*,"TIER 2,PARTIALLYOUTSIDE HFTD",10/26/2019 17:20,NAPA,10/31/2019 11:56
NARROWS-2101,TIER 2,10/26/2019 19:20,"BROWNSVALLEY,SMARTVILLE",10/30/2019 16:22
NARROWS-2102,"TIER 2,PARTIALLYOUTSIDE HFTD",10/26/2019 19:08,"NEVADA CITY,PENN VALLEY,SMARTVILLE",10/30/2019 15:08
NARROWS-2105,"TIER 2,PARTIALLYOUTSIDE HFTD",10/26/2019 18:52,"GRASS VALLEY,PENN VALLEY,ROUGH ANDREADY,SMARTVILLE",10/30/2019 15:19
NEWBURG-1131,"TIER 2,PARTIALLYOUTSIDE HFTD",10/26/2019 22:42,"ALTON,FORTUNA,HYDESVILLE",10/28/2019 11:45
NEWBURG-1132,"TIER 2,PARTIALLYOUTSIDE HFTD",10/26/2019 22:42,FORTUNA,10/28/2019 11:47
NEWBURG-1133,"TIER 2,PARTIALLYOUTSIDE HFTD",10/26/2019 22:42,FORTUNA,10/28/2019 13:57
"NORTHBRANCH-1101","TIER 2,PARTIALLYOUTSIDE HFTD",10/27/2019 00:15,"BURSON,CAMPO SECO,SAN ANDREAS,VALLEYSPRINGS",10/28/2019 17:33
"NORTH DUBLIN-2101","TIER 2,PARTIALLYOUTSIDE HFTD",10/26/2019 20:23,"DUBLIN,PLEASANTON,SAN RAMON",10/28/2019 11:33
"NORTH DUBLIN-2103","TIER 2,PARTIALLYOUTSIDE HFTD",10/26/2019 20:29,"DUBLIN,LIVERMORE,PLEASANTON",10/28/2019 20:31
"NOTRE DAME-1104*","TIER 3, TIER 2,PARTIALLYOUTSIDE HFTD",10/26/2019 17:05,"CHICO, FORESTRANCH",10/28/2019 16:48
NOVATO-1101,NON-HFTD,10/26/2019 17:05,NOVATO,10/29/2019 14:08
NOVATO-1102,NON-HFTD,10/26/2019 20:25,NOVATO,10/29/2019 14:08
NOVATO-1103,NON-HFTD,10/26/2019 20:25,NOVATO,10/29/2019 14:10
NOVATO-1104*,"TIER 2,PARTIALLYOUTSIDE HFTD",10/26/2019 17:03,NOVATO,10/29/2019 14:39
OAK-0401,"TIER 2,PARTIALLYOUTSIDE HFTD",10/26/2019 20:39,"BERKELEY, ELCERRITO,KENSINGTON",10/28/2019 15:02
OAKHURST-1101,"TIER 3, TIER 2,PARTIALLYOUTSIDE HFTD",10/27/2019 13:49,"AHWAHNEE,MARIPOSA,OAKHURST,RAYMOND",10/29/2019 15:45
OAKHURST-1102,"TIER 3, TIER 2,PARTIALLYOUTSIDE HFTD",10/27/2019 13:49,OAKHURST,10/29/2019 11:55
OAKHURST-1103,"TIER 3, TIER 2,PARTIALLYOUTSIDE HFTD",10/27/2019 13:47,"AHWAHNEE,BASS LAKE, FISHCAMP,OAKHURST,WAWONA,YOSEMITENATIONAL PARK",10/30/2019 16:47
"OAKLAND D-0407",NON-HFTD,10/27/2019 05:31,OAKLAND,10/28/2019 19:06
"OAKLAND D-1112*","TIER 3, TIER 2,PARTIALLYOUTSIDE HFTD",10/26/2019 20:57,"BERKELEY,OAKLAND",10/29/2019 18:07
"OAKLAND J-1102*","TIER 2,PARTIALLYOUTSIDE HFTD",10/26/2019 21:16,OAKLAND,10/29/2019 12:55
"OAKLAND J-1105*","TIER 2,PARTIALLYOUTSIDE HFTD",10/26/2019 23:47,OAKLAND,10/29/2019 11:27
"OAKLAND J-1106*","TIER 2,PARTIALLYOUTSIDE HFTD",10/27/2019 00:46,OAKLAND,10/29/2019 11:32
"OAKLAND K-1101*","TIER 3, TIER 2,PARTIALLYOUTSIDE HFTD",10/26/2019 20:18,"BERKELEY,OAKLAND",10/28/2019 15:34
OAKLAND K-1102,TIER 3,10/26/2019 23:49,"BERKELEY,OAKLAND,ORINDA",10/28/2019 16:20
OAKLAND K-1103,"TIER 3, TIER 2,PARTIALLYOUTSIDE HFTD",10/26/2019 23:34,OAKLAND,10/28/2019 19:50
"OAKLAND K-1104*","TIER 3, TIER 2,PARTIALLYOUTSIDE HFTD",10/27/2019 00:21,OAKLAND,10/28/2019 19:21
"OAKLAND X-1101*","TIER 2,PARTIALLYOUTSIDE HFTD",10/27/2019 00:11,"OAKLAND,PIEDMONT",10/28/2019 21:30
"OAKLAND X-1104*","TIER 3, TIER 2,PARTIALLYOUTSIDE HFTD",10/26/2019 23:35,OAKLAND,10/29/2019 11:57
"OAKLAND X-1105*","TIER 2,PARTIALLYOUTSIDE HFTD",10/27/2019 00:01,OAKLAND,10/29/2019 12:56
"OAKLAND X-1106*","TIER 3, TIER 2",10/27/2019 00:31,OAKLAND,10/28/2019 12:58
OAKLAND X-1107,NON-HFTD,10/26/2019 22:21,"OAKLAND,PIEDMONT",10/28/2019 19:59
OAKLAND X-1112,NON-HFTD,10/26/2019 20:56,OAKLAND,10/28/2019 17:50
OLEMA-1101,"TIER 3, TIER 2,PARTIALLYOUTSIDE HFTD",10/26/2019 18:11,"INVERNESS,LAGUNITAS,MARSHALL,NICASIO,OLEMA, POINTREYES STATION",10/29/2019 17:07
OLETA-1101,"TIER 3, TIER 2,PARTIALLYOUTSIDE HFTD",10/27/2019 01:09,"AMADOR CITY,DRYTOWN,IONE,PLYMOUTH,SHINGLESPRINGS,SUTTER CREEK",10/30/2019 09:34
OLETA-1102,"TIER 3, TIER 2,PARTIALLYOUTSIDE HFTD",10/27/2019 01:10,"FIDDLETOWN,MOUNT AUKUM,PLYMOUTH,RIVER PINES",10/29/2019 16:32
"OREGON TRAIL-1102","TIER 2,PARTIALLYOUTSIDE HFTD",10/26/2019 19:01,"REDDING,SHASTA LAKE",10/30/2019 15:11
"OREGON TRAIL-1103","TIER 2,PARTIALLYOUTSIDE HFTD",10/26/2019 19:15,"BELLA VISTA,REDDING",10/30/2019 15:04
"OREGON TRAIL-1104","TIER 2,PARTIALLYOUTSIDE HFTD",10/26/2019 19:15,"PALO CEDRO,REDDING",10/30/2019 12:58
ORICK-1101,NON-HFTD,10/26/2019 22:20,ORICK,10/28/2019 13:23
ORICK-1102,NON-HFTD,10/26/2019 22:20,"ORICK,TRINIDAD",10/28/2019 13:24
ORINDA-0401,"TIER 3, TIER 2,PARTIALLYOUTSIDE HFTD",10/26/2019 22:05,ORINDA,10/28/2019 18:56
ORINDA-0402,"TIER 3, TIER 2,PARTIALLYOUTSIDE HFTD",10/26/2019 22:05,ORINDA,10/28/2019 18:56
ORO FINO-1101,TIER 3,10/26/2019 17:57,MAGALIA,10/30/2019 13:47
ORO FINO-1102,"TIER 3, TIER 2,PARTIALLYOUTSIDE HFTD",10/26/2019 17:57,"BUTTEMEADOWS,FOREST RANCH,MAGALIA,STIRLING CITY",10/30/2019 16:47
PACIFICA-1101,"TIER 3, TIER 2,PARTIALLYOUTSIDE HFTD",10/26/2019 20:06,PACIFICA,10/28/2019 15:45
PACIFICA-1102,"TIER 3, TIER 2,PARTIALLYOUTSIDE HFTD",10/26/2019 20:09,PACIFICA,10/28/2019 15:15
PACIFICA-1103,"TIER 3, TIER 2,PARTIALLYOUTSIDE HFTD",10/26/2019 20:10,PACIFICA,10/28/2019 15:26
PACIFICA-1104,"TIER 2,PARTIALLYOUTSIDE HFTD",10/26/2019 20:10,PACIFICA,10/28/2019 14:39
PALO SECO-0401,"TIER 2,PARTIALLYOUTSIDE HFTD",10/26/2019 23:35,"OAKLAND,PIEDMONT",10/29/2019 13:08
"PANORAMA-1101*","TIER 2,PARTIALLYOUTSIDE HFTD",10/26/2019 17:02,COTTONWOOD,10/30/2019 15:48
"PANORAMA-1102*","TIER 2,PARTIALLYOUTSIDE HFTD",10/26/2019 17:01,ANDERSON,10/30/2019 15:06
PARADISE-1103,"TIER 3, TIER 2,PARTIALLYOUTSIDE HFTD",10/26/2019 17:45,PARADISE,10/30/2019 15:15
PARADISE-1104,"TIER 3, TIER 2,PARTIALLYOUTSIDE HFTD",10/26/2019 17:45,PARADISE,10/30/2019 14:20
PARADISE-1105,"TIER 3,PARTIALLYOUTSIDE HFTD",10/26/2019 17:45,"MAGALIA,PARADISE",10/30/2019 13:33
PARADISE-1106,"TIER 3,PARTIALLYOUTSIDE HFTD",10/26/2019 17:45,PARADISE,10/30/2019 12:51
PARKWAY-1103,NON-HFTD,10/27/2019 07:59,VALLEJO,10/29/2019 15:33
"PAUL SWEET-2102*","TIER 3, TIER 2,PARTIALLYOUTSIDE HFTD",10/26/2019 20:21,SANTA CRUZ,10/28/2019 10:37
"PAUL SWEET-2104*","TIER 3,PARTIALLYOUTSIDE HFTD",10/26/2019 20:41,"SANTA CRUZ,SOQUEL",10/29/2019 14:22
"PAUL SWEET-2105","TIER 3, TIER 2,PARTIALLYOUTSIDE HFTD",10/26/2019 20:32,SANTA CRUZ,10/28/2019 18:15
"PAUL SWEET-2106","TIER 3, TIER 2,PARTIALLYOUTSIDE HFTD",10/26/2019 20:27,"CAPITOLA,SANTA CRUZ,SOQUEL",10/29/2019 01:11
"PAUL SWEET-2107*","TIER 3, TIER 2,PARTIALLYOUTSIDE HFTD",10/26/2019 20:32,"DAVENPORT,SANTA CRUZ",10/28/2019 19:46
"PAUL SWEET-2108",NON-HFTD,10/26/2019 22:21,SANTA CRUZ,10/28/2019 15:58
"PAUL SWEET-2109*","TIER 3, TIER 2,PARTIALLYOUTSIDE HFTD",10/26/2019 20:12,"APTOS, SOQUEL",10/29/2019 16:12
PEABODY-2106*,"TIER 2,PARTIALLYOUTSIDE HFTD",10/26/2019 18:10,FAIRFIELD,10/30/2019 14:27
PEABODY-2108*,"TIER 2,PARTIALLYOUTSIDE HFTD",10/26/2019 16:20,FAIRFIELD,10/30/2019 09:28
PEABODY-2113*,"TIER 2,PARTIALLYOUTSIDE HFTD",10/26/2019 16:00,FAIRFIELD,10/30/2019 13:45
"PENNGROVE-1101*","TIER 2,PARTIALLYOUTSIDE HFTD",10/26/2019 17:57,PENNGROVE,10/31/2019 12:54
PENRYN-1103,"TIER 2,PARTIALLYOUTSIDE HFTD",10/26/2019 17:13,"AUBURN,LOOMIS,NEWCASTLE,PENRYN, PILOTHILL",10/28/2019 18:50
PENRYN-1105*,"TIER 2,PARTIALLYOUTSIDE HFTD",10/26/2019 17:09,"LINCOLN,NEWCASTLE,PENRYN",10/30/2019 15:35
PENRYN-1106*,"TIER 2,PARTIALLYOUTSIDE HFTD",10/26/2019 18:19,"LOOMIS,PENRYN",10/28/2019 19:32
PENRYN-1107,"TIER 2,PARTIALLYOUTSIDE HFTD",10/26/2019 17:00,"GRANITE BAY,LOOMIS,NEWCASTLE,PENRYN",10/29/2019 14:32
"PEORIA FLAT-1701","TIER 2,PARTIALLYOUTSIDE HFTD",10/27/2019 00:13,"CHINESE CAMP,GROVELAND,JAMESTOWN",10/29/2019 12:37
"PEORIA FLAT-1704","TIER 2,PARTIALLYOUTSIDE HFTD",10/27/2019 00:15,"COPPEROPOLIS,JAMESTOWN,KNIGHTSFERRY,OAKDALE",10/29/2019 17:17
"PEORIA FLAT-1705","TIER 2,PARTIALLYOUTSIDE HFTD",10/27/2019 00:19,"JAMESTOWN,SONORA",10/29/2019 13:13
"PETALUMA A-0411",NON-HFTD,10/26/2019 20:53,PETALUMA,10/28/2019 18:03
"PETALUMA A-0413",NON-HFTD,10/26/2019 20:53,PETALUMA,10/28/2019 18:05
"PETALUMA C-1108*","TIER 2,PARTIALLYOUTSIDE HFTD",10/26/2019 17:16,PETALUMA,10/29/2019 10:35
"PETALUMA C-1109*","TIER 2,PARTIALLYOUTSIDE HFTD",10/26/2019 17:26,PETALUMA,10/28/2019 19:25
PHILO-1101,"TIER 2,PARTIALLYOUTSIDE HFTD",10/26/2019 17:44,"BOONVILLE,PHILO,YORKVILLE",10/31/2019 03:25
PHILO-1102,"TIER 2,PARTIALLYOUTSIDE HFTD",10/26/2019 17:44,"COMPTCHE,NAVARRO,PHILO",10/31/2019 03:03
PIERCY-2110*,"TIER 2,PARTIALLYOUTSIDE HFTD",10/26/2019 21:06,SAN JOSE,10/29/2019 17:37
PIKE CITY-1101,TIER 3,10/26/2019 18:24,"CAMPTONVILLE,NORTH SANJUAN",10/31/2019 15:11
PIKE CITY-1102,TIER 3,10/26/2019 18:24,CAMPTONVILLE,10/31/2019 18:15
"PINE GROVE-1101",TIER 2,10/26/2019 17:52,"JACKSON, PINEGROVE, SUTTERCREEK",10/30/2019 14:10
"PINE GROVE-1102","TIER 3, TIER 2",10/26/2019 17:52,"FIDDLETOWN,PINE GROVE,PIONEER,SUTTER CREEK,VOLCANO",10/30/2019 16:41
PINECREST-0401,"TIER 3, TIER 2,PARTIALLYOUTSIDE HFTD",10/27/2019 00:08,PINECREST,10/30/2019 11:52
PIT NO 5-1101,TIER 2,10/26/2019 17:02,BIG BEND,10/31/2019 12:47
PIT NO 7-1101,TIER 2,10/26/2019 17:12,"ROUNDMOUNTAIN",10/31/2019 11:34
PLACER-1101*,"TIER 2,PARTIALLYOUTSIDE HFTD",10/26/2019 17:06,AUBURN,10/30/2019 09:25
PLACER-1102,"TIER 2,PARTIALLYOUTSIDE HFTD",10/26/2019 17:05,AUBURN,10/28/2019 08:55
PLACER-1103*,"TIER 2,PARTIALLYOUTSIDE HFTD",10/26/2019 16:56,AUBURN,10/30/2019 12:00
PLACER-1104,"TIER 2,PARTIALLYOUTSIDE HFTD",10/26/2019 20:25,AUBURN,10/28/2019 13:21
"PLACERVILLE-1109","TIER 2,PARTIALLYOUTSIDE HFTD",10/26/2019 19:11,PLACERVILLE,10/30/2019 12:54
"PLACERVILLE-1110","TIER 3, TIER 2,PARTIALLYOUTSIDE HFTD",10/26/2019 19:11,PLACERVILLE,10/30/2019 13:22
"PLACERVILLE-1111","TIER 2,PARTIALLYOUTSIDE HFTD",10/26/2019 20:08,PLACERVILLE,10/30/2019 12:58
"PLACERVILLE-1112","TIER 2,PARTIALLYOUTSIDE HFTD",10/26/2019 20:08,PLACERVILLE,10/30/2019 13:44
"PLACERVILLE-2106","TIER 3, TIER 2,PARTIALLYOUTSIDE HFTD",10/26/2019 20:08,"COLOMA,GARDENVALLEY,GEORGETOWN,",10/31/2019 20:25
"POINT ARENA-1101","TIER 2,PARTIALLYOUTSIDE HFTD",10/26/2019 17:44,"MANCHESTER,POINT ARENA",10/31/2019 00:15
"POINTMORETTI-1101","TIER 3, TIER 2,PARTIALLYOUTSIDE HFTD",10/26/2019 21:16,"DAVENPORT,SANTA CRUZ",10/29/2019 17:21
"POSOMOUNTAIN-2103*","TIER 2,PARTIALLYOUTSIDE HFTD",10/29/2019 21:05,BAKERSFIELD,10/31/2019 13:02
"POSOMOUNTAIN-2104*","TIER 2,PARTIALLYOUTSIDE HFTD",10/29/2019 21:06,BAKERSFIELD,10/31/2019 13:32
"POTTER VALLEYP H-1104","TIER 3, TIER 2,PARTIALLYOUTSIDE HFTD",10/26/2019 17:44,POTTER VALLEY,10/30/2019 16:59
"POTTER VALLEYP H-1105","TIER 3, TIER 2,PARTIALLYOUTSIDE HFTD",10/26/2019 17:44,"POTTERVALLEY, UKIAH",10/30/2019 18:21
"PRUNEDALE-1110*","TIER 2,PARTIALLYOUTSIDE HFTD",10/26/2019 20:17,"SALINAS,WATSONVILLE",10/28/2019 09:09
PUEBLO-1104*,"TIER 2,PARTIALLYOUTSIDE HFTD",10/26/2019 17:04,NAPA,10/30/2019 14:00
PUEBLO-1105*,"TIER 2,PARTIALLYOUTSIDE HFTD",10/26/2019 17:12,NAPA,10/30/2019 16:56
PUEBLO-2101,NON-HFTD,10/27/2019 02:57,NAPA,10/28/2019 17:56
PUEBLO-2102*,"TIER 3,PARTIALLYOUTSIDE HFTD",10/26/2019 17:19,"NAPA,OAKVILLE,YOUNTVILLE",10/31/2019 13:58
PUEBLO-2103*,"TIER 3, TIER 2,PARTIALLYOUTSIDE HFTD",10/26/2019 17:25,NAPA,10/31/2019 19:15
"PUTAH CREEK-1102*","TIER 2,PARTIALLYOUTSIDE HFTD",10/26/2019 17:49,"VACAVILLE,WINTERS",10/30/2019 12:24
"PUTAH CREEK-1103*","TIER 2,PARTIALLYOUTSIDE HFTD",10/26/2019 19:27,WINTERS,10/30/2019 12:19
"PUTAH CREEK-1105*","TIER 2,PARTIALLYOUTSIDE HFTD",10/26/2019 19:45,WINTERS,10/30/2019 12:44
"RACETRACK-1703","TIER 3, TIER 2,PARTIALLYOUTSIDE HFTD",10/27/2019 00:08,"COLUMBIA,SPRINGFIELD",10/28/2019 13:13
"RACETRACK-1704",TIER 2,10/27/2019 00:11,TUTTLETOWN,10/29/2019 14:06
RADUM-1105*,"TIER 3, TIER 2,PARTIALLYOUTSIDE HFTD",10/26/2019 21:51,PLEASANTON,10/28/2019 14:53
RALSTON-1101,"TIER 3, TIER 2,PARTIALLYOUTSIDE HFTD",10/26/2019 20:06,"SAN MATEO,WOODSIDE",10/28/2019 13:15
RALSTON-1102,"TIER 2,PARTIALLYOUTSIDE HFTD",10/26/2019 20:13,"BELMONT, SANCARLOS, SANMATEO",10/28/2019 10:36
RAWSON-1103,"TIER 2,PARTIALLYOUTSIDE HFTD",10/26/2019 17:28,"RED BLUFF, SANPABLO, SANTAMARIA",10/28/2019 15:02
"RED BLUFF-1101*","TIER 2,PARTIALLYOUTSIDE HFTD",10/26/2019 17:00,RED BLUFF,10/28/2019 15:37
"RED BLUFF-1103*","TIER 2,PARTIALLYOUTSIDE HFTD",10/26/2019 17:04,RED BLUFF,10/29/2019 16:15
"RED BLUFF-1104*","TIER 2,PARTIALLYOUTSIDE HFTD",10/26/2019 17:03,"COTTONWOOD,RED BLUFF",10/28/2019 16:13
"RED BLUFF-1105*","TIER 2,PARTIALLYOUTSIDE HFTD",10/26/2019 17:05,RED BLUFF,10/27/2019 18:03
REDBUD-1101,"TIER 3, TIER 2,PARTIALLYOUTSIDE HFTD",10/26/2019 17:44,"CLEARLAKEOAKS,GLENHAVEN",10/30/2019 19:29
REDBUD-1102,"TIER 3, TIER 2,PARTIALLYOUTSIDE HFTD",10/26/2019 17:44,"CLEARLAKE,CLEARLAKEOAKS,CLEARLAKEPARK",10/30/2019 18:21
RESEARCH-2101,NON-HFTD,10/27/2019 00:48,DANVILLE,10/31/2019 01:19
"RESEARCH-2102*","TIER 3,PARTIALLYOUTSIDE HFTD",10/26/2019 20:20,DANVILLE,10/30/2019 01:07
RIDGE-0401,TIER 2,10/26/2019 21:53,BERKELEY,10/28/2019 16:11
RIDGE-0402,"TIER 2,PARTIALLYOUTSIDE HFTD",10/26/2019 21:43,BERKELEY,10/28/2019 16:13
RINCON-1101,"TIER 3, TIER 2,PARTIALLYOUTSIDE HFTD",10/26/2019 17:08,SANTA ROSA,10/31/2019 12:27
RINCON-1102,"TIER 3, TIER 2,PARTIALLYOUTSIDE HFTD",10/26/2019 17:30,SANTA ROSA,10/30/2019 16:24
RINCON-1103,"TIER 3, TIER 2,PARTIALLYOUTSIDE HFTD",10/26/2019 17:28,SANTA ROSA,10/30/2019 18:56
RINCON-1104,"TIER 3, TIER 2,PARTIALLYOUTSIDE HFTD",10/26/2019 17:40,SANTA ROSA,10/30/2019 14:01
"RIO DEL MAR-0401","TIER 2,PARTIALLYOUTSIDE HFTD",10/26/2019 21:37,APTOS,10/28/2019 15:37
RIO DELL-1101,NON-HFTD,10/26/2019 22:40,"FORTUNA, RIODELL",10/28/2019 13:11
RIO DELL-1102,"TIER 2,PARTIALLYOUTSIDE HFTD",10/26/2019 22:40,"HONEYDEW,REDCREST, RIODELL, SCOTIA",10/28/2019 13:12
ROB ROY-2104,"TIER 3, TIER 2,PARTIALLYOUTSIDE HFTD",10/26/2019 21:37,"APTOS,FREEDOM,WATSONVILLE",10/30/2019 17:00
ROB ROY-2105,"TIER 3, TIER 2,PARTIALLYOUTSIDE HFTD",10/26/2019 21:37,"APTOS,WATSONVILLE",10/29/2019 11:21
"ROSSMOOR-1101*","TIER 3, TIER 2,PARTIALLYOUTSIDE HFTD",10/26/2019 21:19,LAFAYETTE,10/28/2019 13:03
ROSSMOOR-1102,"TIER 3,PARTIALLYOUTSIDE HFTD",10/26/2019 23:18,WALNUT CREEK,10/28/2019 19:04
"ROSSMOOR-1104*",TIER 2,10/26/2019 23:55,LAFAYETTE,10/29/2019 14:45
ROSSMOOR-1106,"TIER 3, TIER 2,PARTIALLYOUTSIDE HFTD",10/26/2019 20:25,LAFAYETTE,10/28/2019 16:29
"ROSSMOOR-1107*","TIER 3,PARTIALLYOUTSIDE HFTD",10/26/2019 20:15,WALNUT CREEK,10/28/2019 21:27
ROSSMOOR-1108,"TIER 3, TIER 2,PARTIALLYOUTSIDE HFTD",10/26/2019 20:08,"LAFAYETTE,MORAGA",10/28/2019 18:09
"RUSS RANCH-1101*",NON-HFTD,10/26/2019 21:03,KORBEL,10/28/2019 17:04
"SALMON CREEK-1101","TIER 3, TIER 2,PARTIALLYOUTSIDE HFTD",10/26/2019 19:50,"BODEGA,BODEGA BAY",10/31/2019 15:55
"SALT SPRINGS-2101","TIER 2,PARTIALLYOUTSIDE HFTD",10/26/2019 17:41,"ARNOLD, BEARVALLEY,PIONEER",10/30/2019 15:46
"SALT SPRINGS-2102","TIER 3, TIER 2,PARTIALLYOUTSIDE HFTD",10/26/2019 17:41,"ARNOLD, CAMPCONNELL,DORRINGTON",10/31/2019 17:01
"SAN BENITO-2104*","TIER 2,PARTIALLYOUTSIDE HFTD",10/26/2019 21:19,"AROMAS, SANJUAN BAUTISTA,WATSONVILLE",10/28/2019 18:02
"SAN CARLOS-1103*","TIER 2,PARTIALLYOUTSIDE HFTD",10/26/2019 20:33,REDWOOD CITY,10/29/2019 10:47
"SAN CARLOS-1104*","TIER 2,PARTIALLYOUTSIDE HFTD",10/26/2019 20:23,"REDWOOD CITY,SAN CARLOS",10/28/2019 16:44
"SAN JOAQUIN #3PH-1101","TIER 3, TIER 2",10/27/2019 13:33,"BASS LAKE,NORTH FORK,OAKHURST,WISHON",10/29/2019 17:11
"SAN JOAQUIN #3PH-1102","TIER 3, TIER 2,PARTIALLYOUTSIDE HFTD",10/27/2019 13:33,"NORTH FORK,WISHON",10/30/2019 11:35
"SAN JOAQUIN #3PH-1103","TIER 3, TIER 2",10/27/2019 13:33,NORTH FORK,10/30/2019 14:26
"SAN JOAQUINPOWER HOUSENO 2-1103","TIER 3, TIER 2",10/27/2019 13:33,"NORTH FORK, ONEALS",10/29/2019 15:01
SAN JUSTO-1101*,"TIER 2,PARTIALLYOUTSIDE HFTD",10/26/2019 20:09,"AROMAS, SANJUAN BAUTISTA",10/28/2019 12:35
"SAN LEANDRO-1109*","TIER 3, TIER 2,PARTIALLYOUTSIDE HFTD",10/26/2019 23:02,"OAKLAND, SANLEANDRO",10/28/2019 18:38
"SAN LEANDRO-1114*","TIER 2,PARTIALLYOUTSIDE HFTD",10/26/2019 20:19,"CASTRO VALLEY,OAKLAND, SANLEANDRO",10/28/2019 19:50
"SAN RAFAEL-1101","TIER 3, TIER 2,PARTIALLYOUTSIDE HFTD",10/26/2019 20:25,"KENTFIELD,LARKSPUR, SANANSELMO, SANRAFAEL",10/30/2019 00:57
"SAN RAFAEL-1102",NON-HFTD,10/26/2019 20:25,SAN RAFAEL,10/28/2019 19:28
"SAN RAFAEL-1103",NON-HFTD,10/26/2019 20:25,"SAN QUENTIN,SAN RAFAEL",10/28/2019 19:31
"SAN RAFAEL-1104","TIER 3, TIER 2,PARTIALLYOUTSIDE HFTD",10/26/2019 20:25,"FAIRFAX, SANANSELMO, SANRAFAEL",10/29/2019 17:05
"SAN RAFAEL-1105","TIER 2,PARTIALLYOUTSIDE HFTD",10/26/2019 20:25,SAN RAFAEL,10/29/2019 22:22
"SAN RAFAEL-1106","TIER 2,PARTIALLYOUTSIDE HFTD",10/26/2019 20:25,SAN RAFAEL,10/29/2019 15:19
"SAN RAFAEL-1107","TIER 3, TIER 2,PARTIALLYOUTSIDE HFTD",10/26/2019 20:25,"KENTFIELD,LARKSPUR,ROSS, SANRAFAEL",10/29/2019 18:15
"SAN RAFAEL-1108","TIER 3, TIER 2,PARTIALLYOUTSIDE HFTD",10/26/2019 17:20,"FAIRFAX,KENTFIELD,ROSS, SANANSELMO, SANRAFAEL",10/30/2019 15:00
"SAN RAFAEL-1109","TIER 2,PARTIALLYOUTSIDE HFTD",10/26/2019 20:25,SAN RAFAEL,10/28/2019 19:17
"SAN RAFAEL-1110",NON-HFTD,10/26/2019 20:25,SAN RAFAEL,10/29/2019 23:50
"SAN RAMON-2107*","TIER 3, TIER 2,PARTIALLYOUTSIDE HFTD",10/26/2019 20:17,"CASTRO VALLEY,DUBLIN,PLEASANTON",10/28/2019 19:40
"SAN RAMON-2108*","TIER 3,PARTIALLYOUTSIDE HFTD",10/26/2019 21:05,"CASTRO VALLEY,MORAGA, SANRAMON",10/28/2019 18:10
"SANTA ROSA A-1103",NON-HFTD,10/26/2019 19:57,SANTA ROSA,10/29/2019 12:53
"SANTA ROSA A-1104*","TIER 3, TIER 2,PARTIALLYOUTSIDE HFTD",10/26/2019 17:35,SANTA ROSA,10/31/2019 19:17
"SANTA ROSA A-1107*","TIER 3,PARTIALLYOUTSIDE HFTD",10/26/2019 18:43,SANTA ROSA,10/30/2019 14:04
"SANTA ROSA A-1108*","TIER 2,PARTIALLYOUTSIDE HFTD",10/26/2019 19:40,SANTA ROSA,10/28/2019 11:25
"SANTA ROSA A-1110",NON-HFTD,10/26/2019 18:37,SANTA ROSA,10/30/2019 16:16
"SANTA ROSA A-1111*","TIER 3, TIER 2,PARTIALLYOUTSIDE HFTD",10/26/2019 19:28,SANTA ROSA,10/31/2019 10:08
SARATOGA-1103*,"TIER 2,PARTIALLYOUTSIDE HFTD",10/26/2019 20:36,SARATOGA,10/28/2019 15:50
SARATOGA-1104*,"TIER 2,PARTIALLYOUTSIDE HFTD",10/26/2019 20:06,"LOS GATOS,MONTESERENO,SARATOGA",10/28/2019 11:10
SARATOGA-1105*,"TIER 2,PARTIALLYOUTSIDE HFTD",10/26/2019 20:13,SARATOGA,10/28/2019 18:49
SARATOGA-1106*,"TIER 3, TIER 2,PARTIALLYOUTSIDE HFTD",10/26/2019 20:49,"LOS GATOS,MONTESERENO,SARATOGA",10/28/2019 13:31
SARATOGA-1107*,"TIER 3, TIER 2,PARTIALLYOUTSIDE HFTD",10/26/2019 20:27,"LOS GATOS,SARATOGA",10/29/2019 17:45
SARATOGA-1115*,"TIER 2,PARTIALLYOUTSIDE HFTD",10/26/2019 21:10,"CUPERTINO,SARATOGA",10/29/2019 11:22
SAUSALITO-0401,NON-HFTD,10/26/2019 20:25,SAUSALITO,10/29/2019 14:40
"SAUSALITO-0402",NON-HFTD,10/26/2019 20:25,SAUSALITO,10/29/2019 14:16
SAUSALITO-1101,"TIER 2,PARTIALLYOUTSIDE HFTD",10/26/2019 20:25,SAUSALITO,10/29/2019 19:09
SAUSALITO-1102,"TIER 2,PARTIALLYOUTSIDE HFTD",10/26/2019 20:25,"MILL VALLEY,SAUSALITO",10/29/2019 19:29
SEACLIFF-0401,"TIER 3, TIER 2,PARTIALLYOUTSIDE HFTD",10/26/2019 20:11,APTOS,10/28/2019 11:04
SEACLIFF-0402*,"TIER 3, TIER 2,PARTIALLYOUTSIDE HFTD",10/26/2019 20:08,APTOS,10/28/2019 07:56
"SERRAMONTE-1103",NON-HFTD,10/26/2019 20:48,"DALY CITY,SOUTH SANFRANCISCO",10/28/2019 18:08
"SERRAMONTE-1104",NON-HFTD,10/26/2019 20:50,"DALY CITY,PACIFICA,SOUTH SANFRANCISCO",10/28/2019 15:43
"SHADY GLEN-1101","TIER 3, TIER 2,PARTIALLYOUTSIDE HFTD",10/26/2019 19:01,"COLFAX, GRASSVALLEY",10/30/2019 13:30
"SHADY GLEN-1102","TIER 3, TIER 2,PARTIALLYOUTSIDE HFTD",10/26/2019 19:01,"COLFAX, GRASSVALLEY",10/31/2019 19:12
"SHINGLESPRINGS-1103","TIER 3, TIER 2,PARTIALLYOUTSIDE HFTD",10/26/2019 17:48,"CAMERONPARK, SHINGLESPRINGS",10/28/2019 11:23
"SHINGLESPRINGS-1104","TIER 3, TIER 2,PARTIALLYOUTSIDE HFTD",10/26/2019 17:51,"SHINGLESPRINGS",10/28/2019 18:47
"SHINGLESPRINGS-2105","TIER 3, TIER 2,PARTIALLYOUTSIDE HFTD",10/26/2019 17:55,"CAMERONPARK, RESCUE,SHINGLESPRINGS",10/28/2019 19:24
"SHINGLESPRINGS-2108","TIER 3, TIER 2,PARTIALLYOUTSIDE HFTD",10/26/2019 17:28,"CAMERONPARK, SHINGLESPRINGS",10/28/2019 15:33
"SHINGLESPRINGS-2109","TIER 3, TIER 2,PARTIALLYOUTSIDE HFTD",10/26/2019 18:11,"COLOMA,GARDENVALLEY, LOTUS,PLACERVILLE,RESCUE,SHINGLESPRINGS",10/30/2019 13:37
"SHINGLESPRINGS-2110","TIER 3, TIER 2,PARTIALLYOUTSIDE HFTD",10/26/2019 18:29,"SHINGLESPRINGS",10/29/2019 11:40
"SILVERADO-2102*","TIER 3, TIER 2,PARTIALLYOUTSIDE HFTD",10/26/2019 17:42,"LAKEBERRYESSA,NAPA,OAKVILLE,RUTHERFORD,SAINT HELENA,YOUNTVILLE",10/30/2019 19:34
"SILVERADO-2103*","TIER 3, TIER 2,PARTIALLYOUTSIDE HFTD",10/26/2019 17:51,"RUTHERFORD,SAINT HELENA",10/30/2019 18:45
"SILVERADO-2104*","TIER 3, TIER 2,PARTIALLYOUTSIDE HFTD",10/26/2019 17:28,"ANGWIN,CALISTOGA,DEER PARK,POPE VALLEY,SAINT HELENA",10/31/2019 12:25
"SILVERADO-2105*","TIER 3, TIER 2,PARTIALLYOUTSIDE HFTD",10/26/2019 20:26,"CALISTOGA,SAINT HELENA",10/31/2019 10:35
"SMARTVILLE-1101","TIER 2,PARTIALLYOUTSIDE HFTD",10/26/2019 17:03,"MARYSVILLE,SMARTVILLE",10/30/2019 11:53
"SNEATH LANE-1101","TIER 2,PARTIALLYOUTSIDE HFTD",10/26/2019 20:20,SAN BRUNO,10/28/2019 14:11
"SNEATH LANE-1102","TIER 2,PARTIALLYOUTSIDE HFTD",10/26/2019 20:20,"DALY CITY, SANBRUNO, SOUTHSAN FRANCISCO",10/28/2019 18:10
"SNEATH LANE-1106","TIER 2,PARTIALLYOUTSIDE HFTD",10/26/2019 20:21,"SAN BRUNO,SOUTH SANFRANCISCO",10/28/2019 17:25
"SNEATH LANE-1107","TIER 2,PARTIALLYOUTSIDE HFTD",10/26/2019 20:22,"PACIFICA, SANBRUNO, SOUTHSAN FRANCISCO",10/28/2019 12:15
"SO. CAL EDISONNO. 3-1101","TIER 3, TIER 2,PARTIALLYOUTSIDE HFTD",10/28/2019 09:16,NORTH FORK,10/29/2019 17:13
SOBRANTE-1101,"TIER 2,PARTIALLYOUTSIDE HFTD",10/26/2019 20:13,"LAFAYETTE,ORINDA",10/29/2019 00:26
SOBRANTE-1102,"TIER 3, TIER 2,PARTIALLYOUTSIDE HFTD",10/26/2019 20:22,"LAFAYETTE,ORINDA",10/29/2019 20:31
SOBRANTE-1103,"TIER 3, TIER 2,PARTIALLYOUTSIDE HFTD",10/26/2019 20:30,ORINDA,10/29/2019 12:10
SOLEDAD-1114,"TIER 2,PARTIALLYOUTSIDE HFTD",10/26/2019 22:20,SOLEDAD,10/28/2019 13:08
SOLEDAD-2101,"TIER 2,PARTIALLYOUTSIDE HFTD",10/26/2019 22:58,"GONZALES,SOLEDAD",10/28/2019 13:10
SOLEDAD-2102,"TIER 2,PARTIALLYOUTSIDE HFTD",10/26/2019 22:58,SOLEDAD,10/28/2019 13:12
SONOMA-1102*,"TIER 3,PARTIALLYOUTSIDE HFTD",10/26/2019 18:21,SONOMA,10/31/2019 08:19
SONOMA-1103*,"TIER 3,PARTIALLYOUTSIDE HFTD",10/26/2019 18:17,SONOMA,10/30/2019 14:18
SONOMA-1104*,"TIER 2,PARTIALLYOUTSIDE HFTD",10/26/2019 18:00,SONOMA,10/28/2019 18:48
SONOMA-1105*,"TIER 3, TIER 2,PARTIALLYOUTSIDE HFTD",10/26/2019 17:53,SONOMA,10/30/2019 15:31
SONOMA-1106*,"TIER 3,PARTIALLYOUTSIDE HFTD",10/26/2019 17:47,SONOMA,10/30/2019 12:18
SONOMA-1107*,"TIER 2,PARTIALLYOUTSIDE HFTD",10/26/2019 17:41,SONOMA,10/30/2019 13:38
SOQUEL-0402,NON-HFTD,10/26/2019 20:27,"CAPITOLA,SOQUEL",10/28/2019 12:23
SPAULDING-1101,"TIER 3, TIER 2,PARTIALLYOUTSIDE HFTD",10/26/2019 19:06,"EMIGRANT GAP,SODA SPRINGS",10/31/2019 10:37
"SPRING GAP-1702","TIER 3, TIER 2,PARTIALLYOUTSIDE HFTD",10/27/2019 00:08,"COLD SPRINGS,PINECREST,STRAWBERRY",10/30/2019 12:06
SPRUCE-0401*,"TIER 3, TIER 2",10/26/2019 21:53,"BERKELEY,KENSINGTON",10/28/2019 16:01
SPRUCE-0402*,"TIER 2,PARTIALLYOUTSIDE HFTD",10/26/2019 21:53,BERKELEY,10/28/2019 16:01
STAFFORD-1101,"TIER 2,PARTIALLYOUTSIDE HFTD",10/26/2019 17:05,NOVATO,10/29/2019 17:30
STAFFORD-1102,"TIER 3, TIER 2,PARTIALLYOUTSIDE HFTD",10/26/2019 17:16,NOVATO,10/30/2019 07:41
"STANISLAUS-1701","TIER 3, TIER 2",10/27/2019 00:06,"ARNOLD,AVERY,HATHAWAYPINES,MURPHYS",10/30/2019 14:15
"STANISLAUS-1702","TIER 3, TIER 2",10/27/2019 00:08,"ARNOLD,AVERY,HATHAWAYPINES,MURPHYS,WHITE PINES",10/30/2019 13:31
STELLING-1109*,"TIER 2,PARTIALLYOUTSIDE HFTD",10/26/2019 23:59,CUPERTINO,10/28/2019 10:22
STELLING-1110*,"TIER 3, TIER 2,PARTIALLYOUTSIDE HFTD",10/26/2019 20:43,"CUPERTINO,LOS GATOS,SARATOGA",10/29/2019 12:53
STELLING-1111,NON-HFTD,10/26/2019 22:59,"CUPERTINO,LOS ALTOSHILLS,SUNNYVALE",10/27/2019 01:53
"STILLWATER-1101","TIER 2,PARTIALLYOUTSIDE HFTD",10/26/2019 17:28,REDDING,10/30/2019 15:02
"STILLWATER-1102","TIER 2,PARTIALLYOUTSIDE HFTD",10/26/2019 17:28,REDDING,10/30/2019 15:26
SUISUN-1107,NON-HFTD,10/27/2019 10:01,FAIRFIELD,10/31/2019 15:30
SUISUN-1109,NON-HFTD,10/26/2019 19:31,FAIRFIELD,10/27/2019 04:15
SUMMIT-1101,"TIER 2,PARTIALLYOUTSIDE HFTD",10/26/2019 19:09,SODA SPRINGS,10/30/2019 18:12
SUMMIT-1102,TIER 2,10/26/2019 19:09,"NORDEN, SODASPRINGS",10/30/2019 17:22
SUNOL-1101,"TIER 3, TIER 2,PARTIALLYOUTSIDE HFTD",10/26/2019 20:10,"FREMONT,LIVERMORE,PLEASANTON,SUNOL",10/28/2019 14:41
SWIFT-2102*,"TIER 2,PARTIALLYOUTSIDE HFTD",10/26/2019 20:35,SAN JOSE,10/28/2019 11:48
SWIFT-2107*,"TIER 2,PARTIALLYOUTSIDE HFTD",10/26/2019 20:24,SAN JOSE,10/28/2019 10:48
SWIFT-2109*,"TIER 2,PARTIALLYOUTSIDE HFTD",10/26/2019 20:23,SAN JOSE,10/28/2019 09:37
SWIFT-2110*,"TIER 2,PARTIALLYOUTSIDE HFTD",10/26/2019 20:28,"LIVERMORE,SAN JOSE",10/29/2019 11:03
"SYCAMORECREEK-1111*","TIER 3, TIER 2,PARTIALLYOUTSIDE HFTD",10/26/2019 17:03,"CHICO,COHASSET",10/28/2019 16:22
TAMARACK-1101,"TIER 2,PARTIALLYOUTSIDE HFTD",10/26/2019 19:09,SODA SPRINGS,10/31/2019 12:14
TAMARACK-1102,NON-HFTD,10/26/2019 19:09,SODA SPRINGS,10/31/2019 12:15
TAR FLAT-0401,"TIER 3, TIER 2,PARTIALLYOUTSIDE HFTD",10/27/2019 00:19,SONORA,10/28/2019 11:44
TAR FLAT-0402,"TIER 3, TIER 2,PARTIALLYOUTSIDE HFTD",10/27/2019 00:19,SONORA,10/28/2019 12:43
"TASSAJARA-2103*","TIER 3, TIER 2,PARTIALLYOUTSIDE HFTD",10/26/2019 20:37,"ALAMO, ALAMO,ALAMO OAKS,DANVILLE,DIABLO",10/29/2019 10:20
"TASSAJARA-2104*","TIER 3, TIER 2,PARTIALLYOUTSIDE HFTD",10/26/2019 20:21,"DANVILLE,PLEASANTON",10/30/2019 16:04
"TASSAJARA-2106*","TIER 2,PARTIALLYOUTSIDE HFTD",10/26/2019 21:00,DANVILLE,10/29/2019 13:00
TASSAJARA-2107,NON-HFTD,10/26/2019 20:15,DANVILLE,10/30/2019 06:08
"TASSAJARA-2108*","TIER 3,PARTIALLYOUTSIDE HFTD",10/26/2019 20:05,"ALAMO,DANVILLE",10/29/2019 19:25
"TASSAJARA-2112*","TIER 3, TIER 2,PARTIALLYOUTSIDE HFTD",10/26/2019 20:15,"DANVILLE,DIABLO,WALNUT CREEK",10/30/2019 06:08
"TASSAJARA-2113*","TIER 3,PARTIALLYOUTSIDE HFTD",10/26/2019 21:43,SAN RAMON,10/28/2019 10:15
TEJON-1102*,"TIER 2,PARTIALLYOUTSIDE HFTD",10/29/2019 21:02,LEBEC,10/31/2019 14:29
TEJON-1103*,"TIER 2,PARTIALLYOUTSIDE HFTD",10/29/2019 21:02,ARVIN,10/31/2019 14:49
"TIDEWATER-2106*","TIER 2,PARTIALLYOUTSIDE HFTD",10/26/2019 21:36,"CONCORD,PITTSBURG",10/28/2019 15:48
"TIGER CREEK-0201","TIER 3, TIER 2,PARTIALLYOUTSIDE HFTD",10/26/2019 17:47,PIONEER,10/30/2019 18:46
TRINIDAD-1101,NON-HFTD,10/26/2019 19:37,"MCKINLEYVILLE, TRINIDAD",10/28/2019 13:27
TRINIDAD-1102,NON-HFTD,10/26/2019 22:20,TRINIDAD,10/28/2019 15:28
TULUCAY-1101*,"TIER 2,PARTIALLYOUTSIDE HFTD",10/26/2019 17:11,NAPA,10/30/2019 12:03
TYLER-1103,NON-HFTD,10/26/2019 17:58,RED BLUFF,10/28/2019 16:26
TYLER-1104,NON-HFTD,10/26/2019 17:58,RED BLUFF,10/28/2019 16:43
TYLER-1105,"TIER 2,PARTIALLYOUTSIDE HFTD",10/26/2019 17:58,RED BLUFF,10/28/2019 17:24
UKIAH-1111,"TIER 2,PARTIALLYOUTSIDE HFTD",10/26/2019 19:06,UKIAH,10/30/2019 17:58
UKIAH-1113,"TIER 2,PARTIALLYOUTSIDE HFTD",10/26/2019 19:06,UKIAH,10/30/2019 13:20
UKIAH-1114,"TIER 2,PARTIALLYOUTSIDE HFTD",10/26/2019 19:06,"BOONVILLE,UKIAH",10/30/2019 17:27
UKIAH-1115,"TIER 2,PARTIALLYOUTSIDE HFTD",10/26/2019 19:06,UKIAH,10/30/2019 13:16
"UPPER LAKE-1101","TIER 3, TIER 2,PARTIALLYOUTSIDE HFTD",10/26/2019 17:44,"LAKEPORT,UPPER LAKE,WITTERSPRINGS",10/30/2019 20:04
"VACA DIXON-1101*",TIER 2,10/26/2019 19:14,VACAVILLE,10/30/2019 09:30
"VACA DIXON-1105*","TIER 2,PARTIALLYOUTSIDE HFTD",10/26/2019 18:09,VACAVILLE,10/30/2019 17:15
"VACAVILLE-1104*","TIER 2,PARTIALLYOUTSIDE HFTD",10/26/2019 17:44,"FAIRFIELD,VACAVILLE",10/30/2019 11:50
VACAVILLE-1107,NON-HFTD,10/26/2019 20:57,VACAVILLE,10/27/2019 19:05
"VACAVILLE-1108*","TIER 2,PARTIALLYOUTSIDE HFTD",10/26/2019 19:25,VACAVILLE,10/30/2019 11:21
"VACAVILLE-1109*","TIER 2,PARTIALLYOUTSIDE HFTD",10/26/2019 19:35,VACAVILLE,10/30/2019 08:46
VACAVILLE-1111*,"TIER 2,PARTIALLYOUTSIDE HFTD",10/26/2019 19:29,VACAVILLE,10/30/2019 14:00
VALLEJO B-0411,NON-HFTD,10/26/2019 20:35,VALLEJO,10/29/2019 17:20
VALLEJO B-0413,NON-HFTD,10/26/2019 21:53,VALLEJO,10/29/2019 17:20
VALLEJO B-1101,NON-HFTD,10/26/2019 21:01,VALLEJO,10/29/2019 07:48
"VALLEJO STA C-0401",NON-HFTD,10/26/2019 20:25,VALLEJO,10/29/2019 13:25
"VALLEY VIEW-1103*","TIER 3,PARTIALLYOUTSIDE HFTD",10/26/2019 20:09,EL SOBRANTE,10/28/2019 16:20
"VALLEY VIEW-1105*","TIER 2,PARTIALLYOUTSIDE HFTD",10/26/2019 20:55,"EL SOBRANTE,PINOLE",10/28/2019 13:14
"VALLEY VIEW-1106*","TIER 3, TIER 2,PARTIALLYOUTSIDE HFTD",10/26/2019 20:12,"EL SOBRANTE,PINOLE,RICHMOND",10/28/2019 16:18
VASCO-1102*,"TIER 2,PARTIALLYOUTSIDE HFTD",10/26/2019 20:36,LIVERMORE,10/29/2019 08:06
VASONA-1102*,"TIER 2,PARTIALLYOUTSIDE HFTD",10/26/2019 21:34,"LOS GATOS,MONTE SERENO",10/28/2019 12:59
VINA-1101,NON-HFTD,10/26/2019 18:06,VINA,10/28/2019 12:47
VINEYARD-2105,NON-HFTD,10/26/2019 20:46,PLEASANTON,10/28/2019 11:43
VINEYARD-2107*,"TIER 2,PARTIALLYOUTSIDE HFTD",10/26/2019 21:21,PLEASANTON,10/28/2019 14:30
VINEYARD-2108*,"TIER 3,PARTIALLYOUTSIDE HFTD",10/26/2019 20:46,PLEASANTON,10/28/2019 12:00
VINEYARD-2110*,TIER 2,10/26/2019 20:11,LIVERMORE,10/28/2019 08:50
VOLTA-1101,"TIER 3, TIER 2,PARTIALLYOUTSIDE HFTD",10/26/2019 18:15,"MANTON, MILLCREEK,MINERAL,PAYNES CREEK,RED BLUFF,SHINGLETOWN",10/30/2019 18:18
VOLTA-1102,"TIER 3, TIER 2,PARTIALLYOUTSIDE HFTD",10/26/2019 18:15,SHINGLETOWN,10/31/2019 19:17
WALDO-0401*,"TIER 2,PARTIALLYOUTSIDE HFTD",10/26/2019 22:32,EL CERRITO,10/28/2019 16:03
WALDO-0402*,"TIER 2,PARTIALLYOUTSIDE HFTD",10/26/2019 22:27,"EL CERRITO,KENSINGTON",10/28/2019 16:07
"WATERSHED-0402","TIER 3,PARTIALLYOUTSIDE HFTD",10/26/2019 20:17,WOODSIDE,10/28/2019 09:35
WAYNE-0401*,"TIER 3,PARTIALLYOUTSIDE HFTD",10/26/2019 20:36,ALAMO,10/29/2019 16:49
WEIMAR-1101,TIER 2,10/26/2019 18:58,"APPLEGATE,COLFAX,WEIMAR",10/30/2019 13:25
WEIMAR-1102,TIER 2,10/26/2019 18:58,"COLFAX,MEADOW VISTA,WEIMAR",10/30/2019 12:43
"WEST POINT-1101","TIER 3, TIER 2,PARTIALLYOUTSIDE HFTD",10/26/2019 17:52,"PIONEER,VOLCANO",10/30/2019 15:03
"WEST POINT-1102","TIER 3, TIER 2,PARTIALLYOUTSIDE HFTD",10/26/2019 17:52,"GLENCOE,MOKELUMNEHILL,MOUNTAINRANCH, RAILROAD FLAT,WEST POINT,WILSEYVILLE",10/31/2019 12:00
WESTLEY-1103*,"TIER 2,PARTIALLYOUTSIDE HFTD",10/27/2019 00:02,PATTERSON,10/28/2019 17:12
"WHEATLAND-1105*","TIER 2,PARTIALLYOUTSIDE HFTD",10/26/2019 17:02,WHEATLAND,10/29/2019 19:55
WHITMORE-1101,"TIER 3, TIER 2",10/26/2019 18:22,"MILLVILLE, OAKRUN,WHITMORE",10/31/2019 14:08
WILDWOOD-1101,TIER 2,10/26/2019 23:43,"PLATINA,WILDWOOD",10/30/2019 16:18
WILLITS-1102,"TIER 2,PARTIALLYOUTSIDE HFTD",10/26/2019 17:44,WILLITS,10/30/2019 16:23
WILLITS-1103,"TIER 3, TIER 2,PARTIALLYOUTSIDE HFTD",10/26/2019 17:44,WILLITS,10/30/2019 16:29
WILLITS-1104,"TIER 3, TIER 2,PARTIALLYOUTSIDE HFTD",10/26/2019 17:44,WILLITS,10/30/2019 16:26
"WILLOW CREEK-1101","TIER 3, TIER 2,PARTIALLYOUTSIDE HFTD",10/26/2019 22:12,"BLUE LAKE,WILLOW CREEK",10/28/2019 16:23
"WILLOW CREEK-1102","TIER 3, TIER 2,PARTIALLYOUTSIDE HFTD",10/26/2019 22:12,WILLOW CREEK,10/28/2019 12:51
"WILLOW CREEK-1103","TIER 3, TIER 2,PARTIALLYOUTSIDE HFTD",10/26/2019 22:12,"BURNT RANCH,HAWKINS BAR,SALYER,WILLOW CREEK",10/28/2019 15:32
"WILLOW PASS-1101*","TIER 2,PARTIALLYOUTSIDE HFTD",10/26/2019 20:15,BAY POINT,10/29/2019 14:36
"WILLOW PASS-2107*",TIER 2,10/26/2019 22:30,PITTSBURG,10/29/2019 15:22
"WILLOW PASS-2108*",TIER 2,10/26/2019 20:45,BAY POINT,10/29/2019 16:36
WINDSOR-1101,NON-HFTD,10/26/2019 17:18,WINDSOR,10/30/2019 17:00
WINDSOR-1102,NON-HFTD,10/26/2019 17:18,WINDSOR,10/30/2019 17:13
WINDSOR-11035,"TIER 2,PARTIALLYOUTSIDE HFTD",10/26/2019 19:50,"HEALDSBURG,WINDSOR",10/30/2019 16:10
WISE-1101,"TIER 2,PARTIALLYOUTSIDE HFTD",10/26/2019 17:03,"AUBURN,NEWCASTLE",10/30/2019 11:15
WISE-1102,"TIER 2,PARTIALLYOUTSIDE HFTD",10/26/2019 17:01,"AUBURN,LINCOLN,NEWCASTLE",10/31/2019 09:54
WISHON-1101,"TIER 3, TIER 2,PARTIALLYOUTSIDE HFTD",10/27/2019 13:34,"AUBERRY,NORTH FORK",10/29/2019 16:22
WOOD-0401,"TIER 2,PARTIALLYOUTSIDE HFTD",10/26/2019 20:11,"OAKLAND,PIEDMONT",10/29/2019 12:46
WOODACRE-1101,"TIER 3, TIER 2,PARTIALLYOUTSIDE HFTD",10/26/2019 17:18,"FORESTKNOLLS,LAGUNITAS,NICASIO, SANGERONIMO",10/30/2019 14:29
"WOODACRE-1102","TIER 3, TIER 2,PARTIALLYOUTSIDE HFTD",10/26/2019 17:20,"FAIRFAX, SANANSELMO, SANGERONIMO,WOODACRE",10/30/2019 15:00
"WOODSIDE-1101*","TIER 3, TIER 2,PARTIALLYOUTSIDE HFTD",10/26/2019 20:20,"PORTOLAVALLEY,REDWOOD CITY,WOODSIDE",10/29/2019 14:37
"WOODSIDE-1102*","TIER 2,PARTIALLYOUTSIDE HFTD",10/26/2019 21:56,REDWOOD CITY,10/28/2019 18:22
"WOODSIDE-1104*","TIER 3, TIER 2,PARTIALLYOUTSIDE HFTD",10/26/2019 21:07,"REDWOOD CITY,WOODSIDE",10/29/2019 13:52
"WOODWARD-2108*","TIER 2,PARTIALLYOUTSIDE HFTD",10/27/2019 13:39,"FRIANT, ONEALS",10/29/2019 11:15
"WYANDOTTE-1102*","TIER 2,PARTIALLYOUTSIDE HFTD",10/26/2019 17:09,OROVILLE,10/30/2019 14:59
"WYANDOTTE-1103*","TIER 3, TIER 2,PARTIALLYOUTSIDE HFTD",10/26/2019 17:03,"BERRY CREEK,OROVILLE",10/30/2019 15:03
"WYANDOTTE-1105","TIER 3, TIER 2,PARTIALLYOUTSIDE HFTD",10/26/2019 17:00,OROVILLE,10/30/2019 11:15
"WYANDOTTE-1106*","TIER 2,PARTIALLYOUTSIDE HFTD",10/26/2019 17:27,OROVILLE,10/28/2019 18:25
"WYANDOTTE-1107*","TIER 3, TIER 2,PARTIALLYOUTSIDE HFTD",10/26/2019 17:11,OROVILLE,10/31/2019 12:39
"WYANDOTTE-1109*","TIER 2,PARTIALLYOUTSIDE HFTD",10/26/2019 17:17,"OROVILLE,PALERMO",10/28/2019 16:23
"WYANDOTTE-1110*","TIER 2,PARTIALLYOUTSIDE HFTD",10/26/2019 17:00,OROVILLE,10/30/2019 12:13
